Product Name,Category,Price,Quantity
Chicken Breakfast Sausage Patties,Entrées & Sides,3.29,7.8 Oz
Super Chocolatey Gluten Free Chocolate Chunk Cookie Dough,"Salads, Soups & Sides",4.99,16 Oz
Whole Kernel Corn,"Packaged Fish, Meat, Fruit & Veg",0.99,15 Oz
Organic Heavy Whipping Cream,Milk & Cream,3.49,16 Fl Oz
Chicken Noodle Soup,"Soup, Chili & Meals",2.99,19 Oz
Garlic & Black Pepper Almonds,"Nuts, Dried Fruits, Seeds",4.99,12 Oz
Orkney White Cheddar Cheese,"Wedges, Wheels, Loaves, Logs",4.99,7 Oz
Par-Baked Organic French Demi-Baguettes,Entrées & Sides,2.49,9.17 Oz
Avocado Ranch Salad Kit,"Salads, Soups & Sides",3.99,12.8 Oz
All Butter Sugar Cookie Dough,"Salads, Soups & Sides",3.99,16 Oz
No Boil Noodles,Entrées & Center of Plate,2.49,8.8 Oz
Wicked Good Mini Chocolate Bars,Candies & Cookies,4.99,14.7 Oz
Spinach & Feta Egg White Burrito,"Wraps, Burritos & Sandwiches",4.49,7.1 Oz
Halloween Gummies,Candies & Cookies,4.49,14 Oz
Guacasalsa,Salsa & Hot Sauce,3.99,10 Oz
Organic Seedy Crackers,"Chips, Crackers & Crunchy Bites",3.99,5.5 Oz
Double Chocolate Croissants,Cool Desserts,5.49,12 Oz
Organic Red Butter Lettuce,Veggies,2.49,6 Oz
Cut Napa Cabbage,Veggies,3.99,16 Oz
Truffle Glaze,Oils & Vinegars,4.99,8.45 Fl Oz
Garlic & Asiago Cheese Dip,"Salads, Soups & Sides",4.99,10 Oz
Kosher Dill Pickle Spears,"Salads, Soups & Sides",4.49,24 Oz
Super Nutty Oat Clusters Cereal,Cereals,4.79,20 Oz
BBQ Seasoned Spatchcocked Chicken,Chicken & Turkey,5.99,1 Lb
Kosher Dill Pickle Chips,"Salads, Soups & Sides",4.49,24 Oz
Sun-Dried Tomato & Basil Chicken Tenders,Chicken & Turkey,9.49,1 Lb
Sesame Miso Salad with Salmon,"Salads, Soups & Sides",6.99,10.25 Oz
Green Goddess Salad,"Salads, Soups & Sides",5.99,9.75 Oz
Fresh Mozzarella Cheese Log,"Slices, Shreds, Crumbles",5.99,16 Oz
Organic Raw Apple Cider Vinegar,Oils & Vinegars,2.49,16.9 Fl Oz
Organic Hearty Vegetable Broth,"Soup, Chili & Meals",1.99,32 Fl Oz
Organic Coconut Milk,For Baking & Cooking,1.69,13.5 Fl Oz
Brined Bone-In Chicken Breast,Chicken & Turkey,6.49,1 Lb
Gluten Free Tagliatelle Pasta,Pastas & Grains,2.49,8.8 Oz
Organic Plain Cream Cheese Spread,Cream and Creamy Cheeses,3.49,8 Oz
Lil' Tiger Stripe Pumpkin,Veggies,1.49,1 Each
Gluten Free Egg Fettuccine Pasta,Entrées & Center of Plate,3.99,9 Oz
Orzo Italian Pasta,Pastas & Grains,0.99,1 Lb
Roasted Garlic Marinara Sauce,"BBQ, Pasta, Simmer",1.99,24 Oz
NATURAL CUBED CHICKEN BREAST,Chicken & Turkey,9.49,1 Lb
Baked Sheep's Milk Ricotta Cheese,"Wedges, Wheels, Loaves, Logs",11.99,1 Lb
Petite Pumpkin Spice Cookies,Candies & Cookies,3.99,10 Oz
Pumpkin Brioche Twist,"Loaves, Rolls, Buns",4.99,16.8 Oz
Fall Fantasy Pumpkin,Veggies,8.99,1 Each
Orange Pumpkin,Veggies,4.99,1 Each
Pumpkin Joe-Joe's Cookies,Candies & Cookies,2.99,10.5 Oz
Délice de Jenlain Semi-soft Cheese,"Wedges, Wheels, Loaves, Logs",11.99,1 Lb
Butternut Squash Italian Lasagna,Entrées & Sides,4.49,16 Oz
Apple Cinnamon Buns,Sweet Stuff,4.49,8.46 Oz
Almond Chipotle Dip,Dip/Spread,3.49,9 Oz
Vegetable Tray,Veggies,5.99,18 Oz
Cut Butternut Squash,Veggies,2.69,20 Oz
Sour Cream,"Yogurt, etc.",2.79,16 Oz
Pumpkin Pie Spice,Spices,2.99,1.8 Oz
Organic Cane Sugar,For Baking & Cooking,3.99,2 Lb
Lactose Free Cream Cheese,Cream and Creamy Cheeses,3.79,8 Oz
12 Mini Pumpkin Ginger Scones,Entrées & Sides,4.99,14.4 Oz
Lobster Bisque,"Salads, Soups & Sides",4.99,16 Oz
Gluten Free Pumpkin Ravioli,Entrées & Center of Plate,4.49,8 Oz
Crunchy Chili Onion Hummus,Dip/Spread,3.99,10 Oz
Mexican Style Hot Cocoa Melts,Candies & Cookies,4.99,5.36 Oz
Shrimp & Garlic Flatbread,Entrées & Sides,5.99,7.04 Oz
Mango Blueberry Chia Bowl,Entrées & Sides,3.49,7 Oz
Chicken Cheese & Green Chile Pupusas,Entrées & Sides,4.79,12 Oz
Organic Marinara Sauce,"BBQ, Pasta, Simmer",3.49,25 Oz
Pumpkin O's Cereal,Cereals,2.99,12 Oz
Mushroom & Black Truffle Flatbread,Entrées & Sides,5.49,9 Oz
Chai Tea Mints,Candies & Cookies,1.99,1.2 Oz
Grilled Pitted Green Olives,"Packaged Fish, Meat, Fruit & Veg",3.69,11.64 Oz
Portuguese Bacalhau Tartlettes,Entrées & Sides,4.99,9.3 Oz
Peanut Butter Chocolate Granola,Cereals,3.99,12 Oz
Gluten Free Cinnamon Raisin Bread,Sliced Bread,4.49,12 Oz
Broccoli & Cheddar Cheese Quiche,Entrées & Sides,2.99,6 Oz
Chocolate Vanilla Creme Joe-Joe's,Candies & Cookies,2.99,13.4 Oz
Onion Confit Swirls,"Chips, Crackers & Crunchy Bites",2.49,2.64 Oz
Fudgy Cookie Dough Ice Cream,Cool Desserts,3.79,1 Pint
Nutritional Yeast,For Baking & Cooking,3.49,4 Oz
Jumbo Yellow Onions,Veggies,1.19,1 Each
Cantaloupe,Fruits,3.99,1 Each
Sri Lankan Organic Mango Chutney,Nut Butters & Fruit Spreads,2.99,8.5 Oz
Tiniest Chocolate Chip Cookies,Candies & Cookies,3.99,8 Oz
Little Gem Lettuce,Veggies,3.49,1 Each
Organic Romaine & Chicory Blend,Veggies,2.49,7 Oz
Organic Free Range Boneless Skinless Thin Sliced Chicken Breast Fillets,Chicken & Turkey,7.99,1 Lb
Organic Dried Ataulfo Mango Slices,"Nuts, Dried Fruits, Seeds",4.99,6 Oz
Chicken Karaage,Entrées & Sides,6.49,18.97 Oz
Pomodoro Cremoso Salad Kit,"Salads, Soups & Sides",3.99,7.25 Oz
Romaine Hearts,Veggies,3.49,1 Each
Dairy-Free Mozzarella Style Shreds,"Slices, Shreds, Crumbles",3.99,7 Oz
Dairy-Free Cheddar Style Slices,"Slices, Shreds, Crumbles",3.99,7 Oz
Celebration Cake Gelato,Cool Desserts,3.79,1 Pint
Non-Dairy Vanilla Bean Oat Frozen Dessert,Cool Desserts,3.99,1 Pint
Organic Kosher Sandwich Pickles,"Packaged Fish, Meat, Fruit & Veg",3.99,16 Fl Oz
Hand Twisted Cinnamon Sugar Bread,Sweet Stuff,4.49,16 Oz
Whole Wheat English Muffins,"Loaves, Rolls, Buns",1.99,12 Oz
Fresh Figs,Fruits,3.99,16 Oz
Red and Green Grapes Duo,Fruits,5.99,2 Lb
Cut and Peeled Carrots,Veggies,1.99,24 Oz
Sriracha Sauce,Salsa & Hot Sauce,3.99,18.25 Oz
Gluten Free Multigrain Bread,Sliced Bread,4.49,15.2 Oz
Pesto Chicken Breast,Chicken & Turkey,8.99,1 Lb
Vegan Italian Bolognese Ravioli,Entrées & Center of Plate,3.99,8.8 Oz
Tiny Fruity Cuties Cereal,Cereals,3.99,16 Oz
Grilled Chicken Strips,Entrées & Sides,8.99,16 Oz
Raw Almond Butter Creamy No Salt,Nut Butters & Fruit Spreads,6.99,16 Oz
Crunchy Almond Butter Salted,Nut Butters & Fruit Spreads,6.99,16 Oz
Creamy Almond Butter No Salt,Nut Butters & Fruit Spreads,6.99,16 Oz
Creamy Almond Butter Salted,Nut Butters & Fruit Spreads,6.99,16 Oz
Crunchy Almond Butter No Salt,Nut Butters & Fruit Spreads,6.99,16 Oz
Sliced Muenster Cheese,"Slices, Shreds, Crumbles",4.49,12 Oz
Lightly Smoked Sardines in Olive Oil,"Packaged Fish, Meat, Fruit & Veg",1.99,4.25 Oz
Soyaki,Dressing & Seasoning,3.99,21 Oz
Traditional Tunisian Harissa,Dressing & Seasoning,2.99,6.7 Oz
Organic Herb Salad Mix,Veggies,2.69,5 Oz
Pure Grade A Maple Syrup,"Honeys, Syrups & Nectars",4.99,8 Fl Oz
Organic Vermont Maple Syrup,"Honeys, Syrups & Nectars",4.99,8 Fl Oz
Sweet & Spicy Pecans,"Nuts, Dried Fruits, Seeds",4.49,5 Oz
Organic Pasta Quintet,Pastas & Grains,1.99,1 Lb
Burrata,Cream and Creamy Cheeses,4.99,8 Oz
Dairy Free Shredded Spicy Mexican Style Blend Cheese Alternative,"Slices, Shreds, Crumbles",3.99,7.05 Oz
Extra Lean Ground Beef 96% Lean / 4% Fat,"Beef, Pork & Lamb",7.49,1 Lb
Ghost Pepper Potato Chips,"Chips, Crackers & Crunchy Bites",3.49,7 Oz
Thai Vegetable Gyoza,Entrées & Sides,4.79,16 Oz
Crumbled Feta,"Slices, Shreds, Crumbles",2.99,6 Oz
Oat Chocolate Bars with Crispy Rice & Cocoa Nibs,Candies & Cookies,2.49,2.65 Oz
Trio of Soft Licorice Twists,Candies & Cookies,2.49,8 Oz
Organic Midnight Moo Chocolate Syrup,"Honeys, Syrups & Nectars",3.99,15.8 Oz
Organic Spaghetti alla Chitarra Pasta,Pastas & Grains,1.99,1 Lb
Vegetable & Cheese Enchiladas,Entrées & Sides,2.99,10.3 Oz
Mini Cheeseburgers,Entrées & Sides,4.49,7.02 Oz
BREAD CINNAMON RAISIN SLICED,Sweet Stuff,4.99,18 Oz
Asian Style Vegetables with Stir Fry Sauce,Entrées & Sides,3.99,16 Oz
Steel Cut Oatmeal,Entrées & Sides,2.29,16 Oz
Organic Whole Milk from Grass Fed Cows 2 of 8 assets,Milk & Cream,4.99,64 Fl Oz
Organic Reduced Fat Milk from Grass Fed Cows,Milk & Cream,4.99,64 Fl Oz
Mediterranean Hummus Snack Pack with Pita Chips,"Salads, Soups & Sides",2.99,8 Oz
PB&C Snack Duo,Candies & Cookies,3.99,12.7 Oz
Chunky Garlic & Jalapeño Hot Sauce,Salsa & Hot Sauce,3.99,10 Fl Oz
Greek Nonfat Yogurt Plain,"Yogurt, etc.",2.99,16 Oz
Greek Whole Milk Yogurt Plain,"Yogurt, etc.",2.99,16 Oz
Dutch Yellow Baby Potatoes,Veggies,3.79,24 Oz
Snacky Clusters,Candies & Cookies,3.99,8 Oz
Fresh Mozzarella Pearls,"Slices, Shreds, Crumbles",4.49,8 Oz
Whole Grain Waffles,Entrées & Sides,2.69,9.3 Oz
Speculoos Cookies,Candies & Cookies,2.29,7 Oz
Roasted Red Pepper Hummus,Dip/Spread,3.49,10 Oz
Thai Sweet Ginger Sauce,Condiments,2.49,10.1 Fl Oz
Pulled Jackfruit in Smoky BBQ Sauce,"Soup, Chili & Meals",2.99,10 Oz
Tomato Basil Marinara Sauce,"BBQ, Pasta, Simmer",1.99,24 Oz
Shrimp Boom Bah,Entrées & Sides,8.99,16 Oz
"Dark Chocolate Bark with Almond, Pretzel & Sea Salt",Candies & Cookies,3.99,10 Oz
Enchilada Sauce,Dressing & Seasoning,2.99,12 Fl Oz
Speculoos Cookie Butter,Nut Butters & Fruit Spreads,3.99,14.1 Oz
Speculoos Cookie Butter Ice Cream,Cool Desserts,4.99,1 Qt
Dill-Icious Seasoned Cold-Smoked Salmon,Fish & Seafood,6.49,4 Oz
Breaded Cheddar Cheese Curds,Entrées & Sides,4.99,16 Oz
Mini (Almost) Everything Bagel Sandwich Crackers,"Chips, Crackers & Crunchy Bites",3.49,7.05 Oz
Organic Baby Spinach,Veggies,2.29,6 Oz
Organic Red Lentil Sedanini,Pastas & Grains,2.99,12 Oz
Gluten Free Battered Plant-Based Fish Fillets,Entrées & Sides,4.99,9.52 Oz
Italian Tomato & Burrata Ravioloni,Entrées & Center of Plate,3.99,8.8 Oz
Spicy Honey Sauce,"Honeys, Syrups & Nectars",4.99,12 Oz
Milk Chocolate Peanut Butter Cups,Candies & Cookies,4.49,16 Oz
Old Fashioned Blister Peanuts,"Nuts, Dried Fruits, Seeds",2.99,13 Oz
Organic Powdered Cane Sugar,For Baking & Cooking,3.29,1 Lb
Organic Pure Bourbon Vanilla Extract,For Baking & Cooking,10.99,4 Fl Oz
Blondie Bar Baking Mix,For Baking & Cooking,3.49,15.5 Oz
Mee Krob Snackers,"Chips, Crackers & Crunchy Bites",2.99,3 Oz
Tirokafteri Spicy Greek Cheese Spread,Cream and Creamy Cheeses,3.99,10 Oz
Organic Buttery Plant-Based Spread,Butter,3.99,13 Oz
Smoky & Hot Chile Powder,Spices,2.49,2.6 Oz
Buttermilk Ranch Dressing,Dressing & Seasoning,3.99,11 Fl Oz
Pico de Gallo Salsa Mild,Salsa & Hot Sauce,2.99,12 Oz
Unbleached Enriched All-Purpose Flour,For Baking & Cooking,2.99,5 Lb
Raw Milk Cave Aged Le Gruyère,"Wedges, Wheels, Loaves, Logs",15.99,1 Lb
Sweet Plantain Chips,"Chips, Crackers & Crunchy Bites",2.29,5.3 Oz
Organic Blue Corn Tortilla Chips,"Chips, Crackers & Crunchy Bites",3.99,16 Oz
Crunchy Curls,"Chips, Crackers & Crunchy Bites",2.99,6 Oz
Jicama Sticks,Veggies,3.49,9.5 Oz
Roasted Garlic Hummus,Dip/Spread,2.29,8 Oz
Flakes & Strawberries Cereal,Cereals,2.99,11.7 Oz
Chicken Tikka Masala,Entrées & Sides,4.49,8.5 Oz
Vegan Poke,"Salads, Soups & Sides",4.99,10 Oz
Soft & Juicy Mango,"Nuts, Dried Fruits, Seeds",2.29,6 Oz
Gnocchi Alla Romana,Appetizers,4.49,14.1 Oz
Perfectly Pickled Pups,Appetizers,4.99,6.3 Oz
Organic Creamy Peanut Butter Salted Valencia,Nut Butters & Fruit Spreads,4.49,16 Oz
Strawberry Preserves made with Fresh Strawberries,Nut Butters & Fruit Spreads,3.99,17.5 Oz
Aioli Garlic Mustard Sauce,Dressing & Seasoning,2.79,9 Oz
Organic Free Range Chicken Broth,"Soup, Chili & Meals",1.99,32 Fl Oz
Korean Gochujang Sauce,Dressing & Seasoning,3.49,9.17 Oz
Chocolatey Coated Chocolate Chip Cookie Dunkers,Candies & Cookies,5.99,24 Oz
Vegetable Spring Rolls,Appetizers,4.49,9 Oz
Chicken Spring Rolls,Appetizers,4.49,9 Oz
Traditional Style Fat Free Refried Beans,"Packaged Fish, Meat, Fruit & Veg",1.19,16 Oz
Sliced Sharp Cheddar Cheese,"Slices, Shreds, Crumbles",4.79,12 Oz
Riced Hearts of Palm,Pastas & Grains,3.49,9 Oz
Sriracha Sprinkle Seasoning Blend,Spices,2.99,2.5 Oz
Ketchup Flavored Sprinkle Seasoning Blend,Spices,2.99,2.6 Oz
Organic Mayonnaise,Condiments,3.79,16 Fl Oz
Bruschetta Sauce,"Salads, Soups & Sides",3.99,14.5 Oz
Organic Tri-Color Bell Peppers,Veggies,4.99,20 Oz
Raspberries,Fruits,6.99,18 Oz
Jasmine Rice From Thailand,Pastas & Grains,3.29,3 Lb
"Extra Virgin Olive Oil, Liter",Oils & Vinegars,8.99,33.8 Fl Oz
Vegetarian Meatless Cheeseburger Pizza,Entrées & Sides,5.99,16.68 Oz
Meatless Ground,For Baking & Cooking,3.99,3.3 Oz
Slightly Coated Dark Chocolate Almonds,Candies & Cookies,4.99,10 Oz
Roasted Garlic & Pesto Pizza with Deep Fried Crust,Entrées & Sides,5.99,14.1 Oz
Calabrian Chili Spicy Pasta Sauce,"BBQ, Pasta, Simmer",4.99,18.34 Oz
Cheddar Jalapeño Pull Apart Bread,"Loaves, Rolls, Buns",4.99,12 Oz
Cruciferous Crunch Collection,Veggies,2.79,10 Oz
Cape Gooseberries,Fruits,3.49,1 Each
All Natural Heirloom Whole Chicken,Chicken & Turkey,3.99,1 Lb
All Natural Pasture Raised Heirloom Chicken Thighs,Chicken & Turkey,6.99,1 Lb
All Natural Pasture Raised Heirloom Chicken Breasts,Chicken & Turkey,7.99,1 Lb
Fresh Atlantic Salmon Boneless Fillet,Fish & Seafood,9.99,1 Lb
Toscano Cheese with Black Pepper,"Wedges, Wheels, Loaves, Logs",10.99,1 Lb
Organic Garlic Naan Crackers,"Chips, Crackers & Crunchy Bites",3.79,10 Oz
Organic Dried Mango Unsulfured & Unsweetened,"Nuts, Dried Fruits, Seeds",4.99,6 Oz
Sunflower Seed Spread,Nut Butters & Fruit Spreads,5.49,16 Oz
Kung Pao Chicken,Entrées & Sides,5.99,23 Oz
Salmon Rub Seasoning Blend,Spices,2.69,2.6 Oz
Organic Trofie Pasta,Pastas & Grains,1.99,1 Lb
Traditional Whole Milk Ricotta Cheese,Cream and Creamy Cheeses,3.99,16 Oz
Uncured Turkey Bacon,Chicken & Turkey,3.99,8 Oz
Pappardelle Pasta,Pastas & Grains,2.49,8 Oz
Organic Riced Cauliflower,Fruit & Vegetables,1.99,12 Oz
Unsweetened Organic Açaí Puree Packets,Fruit & Vegetables,4.49,14 Oz
Garlic Spread Dip,Dip/Spread,3.69,8 Oz
Squiggly Knife Cut Style Noodles,Pastas & Grains,4.99,13.4 Oz
Butter Chicken with Basmati Rice,Entrées & Sides,4.49,12.5 Oz
Chili & Lime Flavored Rolled Corn Tortilla Chips,"Chips, Crackers & Crunchy Bites",2.99,9 Oz
Pizza Sprinkle Seasoning Blend,Spices,2.99,2.2 Oz
Italian-Style Wedding Soup,"Soup, Chili & Meals",4.99,22 Oz
Organic Biscuits,"Salads, Soups & Sides",3.99,16 Oz
Organic Brown Rice Cake Thins,"Chips, Crackers & Crunchy Bites",1.99,4.8 Oz
White Miso Paste,For Baking & Cooking,2.99,5.3 Oz
Fire Roasted Red Peppers,"Packaged Fish, Meat, Fruit & Veg",2.99,12.35 Oz
Stir Fried Garlicky Cabbage,Entrées & Sides,3.49,8.82 Oz
4 Cheese Ravioli,Entrées & Center of Plate,2.99,10 Oz
Sweet Picanté Peppers,"Packaged Fish, Meat, Fruit & Veg",4.99,10.23 Oz
Thai Wheat Noodles,Pastas & Grains,2.99,21 Oz
Organic Apricot Preserves,Nut Butters & Fruit Spreads,4.29,17.5 Oz
Organic Crescent Rolls,"Salads, Soups & Sides",2.99,8 Oz
Sliced Korean Rice Cakes,Entrées & Sides,3.29,16 Oz
Super Seedy Cheese Snack Bites,"Chips, Crackers & Crunchy Bites",3.49,2.8 Oz
Figo! Half Dipped Chocolate & Vanilla Sandwich Bars,Cool Desserts,4.49,12.27 Oz
Sweet Italian Chicken Sausage,Chicken & Turkey,6.49,1 Lb
Habanero Hot Sauce,Salsa & Hot Sauce,2.99,4.2 Fl Oz
Organic Jumbo Cinnamon Rolls,"Salads, Soups & Sides",4.99,17.5 Oz
Pastry Bites Feta Cheese & Caramelized Onions,Appetizers,5.49,8.5 Oz
Organic Creamy Mushroom Soup,"Salads, Soups & Sides",3.99,15 Oz
Apple & Pumpkin Hand Pies,Sweet Stuff,4.49,8.47 Oz
Mashed Potatoes,Entrées & Sides,4.29,28 Oz
Korean Beefless Bulgogi,Entrées & Sides,4.99,10 Oz
Cracked Olive Salad,"Packaged Fish, Meat, Fruit & Veg",3.49,11.64 Oz
Organic Dark Chocolate Half-Coated Rice Cake Thins,"Chips, Crackers & Crunchy Bites",1.99,3.42 Oz
Spanish Style Rice,Entrées & Sides,3.49,20 Oz
"Solid White Albacore Tuna, No Salt Added","Packaged Fish, Meat, Fruit & Veg",1.99,5 Oz
"Solid White Albacore Tuna, Salt Added","Packaged Fish, Meat, Fruit & Veg",1.99,5 Oz
Chicken Gyoza Potstickers,Entrées & Sides,3.99,16 Oz
Joe's Joe-Joe's Granola Cookies & Creme,Cereals,3.69,12 Oz
Herbes de Provence,Spices,4.99,2.2 Oz
Creamy Toscano Cheese Dusted with Cinnamon,"Wedges, Wheels, Loaves, Logs",10.99,1 Lb
Sea Salt Crystals,Spices,1.99,3.88 Oz
Organic Bread Crumbs,For Baking & Cooking,2.99,10 Oz
Autumn Vegetable & White Bean Gratin,"Salads, Soups & Sides",5.99,17 Oz
Organic Brussels Sprouts,Veggies,3.69,14 Oz
Caramel Apple Mochi,Cool Desserts,4.99,6.8 Oz
Shishito Peppers,Veggies,2.49,6 Oz
Organic Super Sweet Cut Corn,Entrées & Sides,2.29,16 Oz
Shiitake Mushrooms,Veggies,3.69,4 Oz
Multi-Floral & Clover Honey,"Honeys, Syrups & Nectars",3.99,12 Oz
Organic Toasted Sesame Oil,Oils & Vinegars,3.49,5 Fl Oz
Organic Firm Tofu,Entrées & Center of Plate,1.99,14 Oz
Organic Carrots of Many Colors,Veggies,2.99,2 Lb
All Natural Chicken Drumsticks,Chicken & Turkey,1.99,1 Lb
Cornbread Stuffing,Entrées & Center of Plate,5.99,17 Oz
Green Onions,Veggies,1.49,6 Oz
Imported Olive Oil Packed in Italy,Oils & Vinegars,7.99,33.8 Fl Oz
Pasture Raised Large Brown Eggs,Eggs,3.99,1 Doz
Rutland Red Leicester Cheese,"Wedges, Wheels, Loaves, Logs",11.99,1 Lb
Unexpected Cheddar Cheese Spread,Cream and Creamy Cheeses,4.99,9 Oz
White Bean Chicken Chili Soup,"Salads, Soups & Sides",4.99,20 Oz
Semi-Sweet Chocolate Chunks,Candies & Cookies,2.99,10 Oz
Gluten Free Breaded Shrimp,Entrées & Sides,9.99,12 Oz
Pumpkin Spiced Joe-Joe's Sandwich Cookies,Candies & Cookies,4.29,9.4 Oz
Salted Maple Ice Cream,Cool Desserts,3.79,1 Pint
Pumpkin Sticky Toffee Cakes,Cool Desserts,3.99,9.8 Oz
Gluten Free Pumpkin Streusel Muffins,Sweet Stuff,5.99,14 Oz
Caramel Apple Dipping Kit,Candies & Cookies,6.99,16 Oz
Halloween Joe-Joe's Cookies,Candies & Cookies,3.99,16 Oz
Roasted Turkey & Sweet Potato Burrito,"Wraps, Burritos & Sandwiches",4.49,8 Oz
Organic Mini Sweet Peppers,Veggies,3.99,1 Lb
Pumpkin Cheesecake Croissants,Cool Desserts,4.49,7.4 Oz
Organic Maple Vinaigrette Dressing,Dressing & Seasoning,3.99,12 Fl Oz
Apple Cider Donuts,Sweet Stuff,4.49,15.9 Oz
Pumpkin Overnight Oats,Entrées & Center of Plate,1.99,5.5 Oz
Honey O's Cereal,Cereals,2.29,13.5 Oz
Joe's O's Cereal,Cereals,1.99,15 Oz
Just The Clusters Maple Pecan Granola Cereal,Cereals,3.79,16 Oz
Organic Italian Cascatelli Pasta,Pastas & Grains,2.99,16 Oz
Mini Chicken Tacos,Entrées & Sides,5.99,17.5 Oz
Mini Beef Tacos,Entrées & Sides,5.99,17.5 Oz
Gochujang Paste,Dressing & Seasoning,1.99,7.05 Oz
Pretzel Slims,"Chips, Crackers & Crunchy Bites",2.49,8 Oz
Gluten Free Pizza Crusts,Entrées & Sides,3.99,13.18 Oz
Mascarpone,Cream and Creamy Cheeses,3.99,8 Oz
Lemon Curd,Nut Butters & Fruit Spreads,3.99,10.5 Oz
Sliced Prosciutto,"Beef, Pork & Lamb",3.99,4 Oz
Sriracha Flavored Baked Tofu,Entrées & Center of Plate,3.99,7 Oz
Shawarma Chicken Thighs,Chicken & Turkey,6.99,1 Lb
Baby Cauliflower,Veggies,2.69,1 Each
Uncured Dry Rubbed Sliced Bacon,"Beef, Pork & Lamb",5.99,12 Oz
General Tsao Stir Fry Sauce,Dressing & Seasoning,3.49,12.35 Oz
Plain Whole Milk Greek Yogurt,"Yogurt, etc.",0.99,5.3 Oz
Nonfat Plain Greek Yogurt,"Yogurt, etc.",0.99,5.3 Oz
Riced Cauliflower,Veggies,2.69,16 Oz
Jamaican Style Beef Patties,Entrées & Sides,4.49,9 Oz
Instant Boba Kit,Entrées & Sides,5.49,9.2 Oz
Hot & Sweet Jalapeños,"Packaged Fish, Meat, Fruit & Veg",3.29,12 Fl Oz
Vegetable Biryani with Vegetable Dumplings,Entrées & Sides,2.99,10 Oz
Russet Potatoes,Veggies,0.99,1 Each
Salsa Verde Flavored Corn Tortilla Chips,"Chips, Crackers & Crunchy Bites",2.99,9 Oz
Organic Hickory Smoked Turkey Breast,Chicken & Turkey,5.99,6 Oz
Corn and Chile Tomato-less Salsa,Salsa & Hot Sauce,3.49,13.75 Oz
Dill-icious Chopped Salad Kit,"Salads, Soups & Sides",3.99,11.32 Oz
Crunchy Chili Onion Peanuts,"Nuts, Dried Fruits, Seeds",2.99,9 Oz
Garlic & Jalapeño Stuffed Olives,"Packaged Fish, Meat, Fruit & Veg",3.99,17.64 Oz
Mini Chocolate Chip Cookies,Candies & Cookies,0.99,2 Oz
Cinnamon Coffee Cake,Sweet Stuff,5.99,16 Oz
Gluten Free White Sandwich Bread,Sliced Bread,4.49,12 Oz
Sugar Snap Peas,Veggies,2.99,12 Oz
Hot Italian Sausage made with Pork,"Beef, Pork & Lamb",6.49,1 Lb
Sweet Italian Sausage made with Pork,"Beef, Pork & Lamb",6.49,1 Lb
Homestyle Salsa Especial Mild,Salsa & Hot Sauce,2.99,12 Oz
"Egg Bites Cheese, Spinach & Kale",Entrées & Center of Plate,3.49,4.2 Oz
Egg Bites Cheddar Cheese & Uncured Bacon,Entrées & Center of Plate,3.49,4.2 Oz
Oven-Baked Cheese Bites,"Chips, Crackers & Crunchy Bites",2.99,2.11 Oz
Eggplant Garlic Spread,Dip/Spread,2.99,12 Oz
Gluten Free Joe-Joe's Chocolate Vanilla Creme Cookies,Candies & Cookies,4.49,12.5 Oz
Dry Roasted & Salted Pistachios,"Nuts, Dried Fruits, Seeds",6.99,1 Lb
Strawberry Yogurt O's,Cereals,3.99,12 Oz
Gluten Free Uncured Pepperoni Pizza,Entrées & Sides,6.49,12.87 Oz
Chile Lime Seasoning Blend,Spices,1.99,2.9 Oz
Thai Style Yellow Curry Sauce,"BBQ, Pasta, Simmer",3.49,11 Oz
Mint Chip Ice Cream,Cool Desserts,4.49,1 Qt
Cheese & Green Chile Tamales,Entrées & Sides,3.79,10 Oz
Sweet Potato Fries,Entrées & Sides,2.49,15 Oz
Pizza Parlanno,Entrées & Sides,5.49,18.2 Oz
Chicken Cilantro Mini Wontons,Entrées & Sides,3.49,12 Oz
Unexpected Cheddar Chicken Sausage,Chicken & Turkey,4.49,12 Oz
Coffee Bean Blast Ice Cream,Cool Desserts,4.49,1 Qt
Organic Dark Chocolate Bar with Almonds,Candies & Cookies,1.99,3.5 Oz
Organic Dark Chocolate Bar 73% Cacao,Candies & Cookies,1.99,3.5 Oz
Organic Milk Chocolate Truffle Bar,Candies & Cookies,1.99,3.5 Oz
Organic Dark Chocolate Truffle Bar,Candies & Cookies,1.99,3.5 Oz
Sliced Provolone Cheese,"Slices, Shreds, Crumbles",4.99,12 Oz
Crumbled Goat Cheese,"Slices, Shreds, Crumbles",2.99,4 Oz
Organic Red Bell Peppers,Veggies,3.99,12 Oz
Portabella Mushrooms,Veggies,3.49,6 Oz
Organic Baby Lettuce Mix,Veggies,2.49,5 Oz
Organic Arugula,Veggies,2.49,7 Oz
Fig Butter,Nut Butters & Fruit Spreads,2.99,11 Oz
"Vegan Kale, Cashew & Basil Pesto",Dressing & Seasoning,3.99,8 Oz
Cashew Butter Cashews,Candies & Cookies,4.99,8 Oz
Salsa de Cacahuate,Salsa & Hot Sauce,3.49,12 Oz
Organic Chicken Nuggets,Chicken & Turkey,4.99,12 Oz
Classic Hamburger Buns,"Loaves, Rolls, Buns",2.99,16 Oz
Ube Spread,Dip/Spread,3.99,10 Oz
Corn on the Cob,Veggies,0.69,1 Each
Super Sweet Fresh Corn,Veggies,5.49,20 Oz
Broccoli & Kale Slaw,Veggies,3.49,11 Oz
BBQ Cut Fresh Atlantic Salmon Fillets,Fish & Seafood,9.99,1 Lb
Yellow Cake & Baking Mix,For Baking & Cooking,2.99,16 Oz
Fully Cooked Pork Belly,"Beef, Pork & Lamb",6.99,12 Oz
Brookie,Sweet Stuff,4.49,11 Oz
Buffalo Style Seasoned Almonds,"Nuts, Dried Fruits, Seeds",3.99,8 Oz
Peanut Butter Caramel Coated Popcorn,"Chips, Crackers & Crunchy Bites",3.79,6 Oz
Brioche Hot Dog Buns,"Loaves, Rolls, Buns",3.49,16 Oz
Brioche Buns,"Loaves, Rolls, Buns",3.99,9.45 Oz
Sea Salt Brownie Bites,Sweet Stuff,2.99,6 Oz
BBQ & Black Pepper Toscano Chopped Salad,"Salads, Soups & Sides",3.49,11 Oz
Pineapple,Fruits,2.99,1 Each
Mangos,Fruits,1.49,1 Each
Quinoa and Black Bean infused Tortilla Chips,"Chips, Crackers & Crunchy Bites",3.49,12 Oz
Campari Tomatoes,Veggies,3.49,1 Lb
Organic Persian Cucumbers,Veggies,2.99,16 Oz
Organic Shredded Green & Red Cabbage with Carrots,Veggies,2.49,9 Oz
Sweet Apple Chicken Sausage,Chicken & Turkey,4.29,12 Oz
Gluten Free Cheese Ravioli,Entrées & Center of Plate,4.49,8 Oz
Artichoke Timbales,Entrées & Sides,4.99,14.1 Oz
Ground Beef Patties 80/20,"Beef, Pork & Lamb",6.49,1 Lb
Pollo Asado Autentico,Chicken & Turkey,8.49,1 Lb
Organic Chicken Grill Pack,Chicken & Turkey,3.49,1 Lb
Lemon Chicken & Arugula Salad,"Salads, Soups & Sides",5.49,9.2 Oz
Cheeseburger Burrito,"Wraps, Burritos & Sandwiches",4.49,8 Oz
Spicy Jalapeño Chicken Sausage,Chicken & Turkey,4.29,12 Oz
Vegan Spinach & Cashew Ravioli,Entrées & Center of Plate,3.99,8.8 Oz
Crispy Crunchy Peanut Butter Cookies,Candies & Cookies,4.49,14 Oz
Fancy Cheese Crunchies,"Chips, Crackers & Crunchy Bites",3.99,7 Oz
Organic Strawberries 1 Lb,Fruits,5.49,16 Oz
Strawberries 2 Lb,Fruits,7.49,2 Lb
Strawberries 1 Lb,Fruits,4.49,16 Oz
Gluten Free Double Chocolate Muffins,Sweet Stuff,5.49,14 Oz
Balsamic Rosemary Beef Steak Tips,"Beef, Pork & Lamb",11.99,1 Lb
Argentinian Red Shrimp with Ginger Garlic Butter,Fish & Seafood,7.99,9 Oz
Premium Salmon Burgers,Entrées & Sides,7.49,12.8 Oz
Organic Red Wine Vinegar,Oils & Vinegars,1.99,8.45 Fl Oz
Organic Baked Tofu Teriyaki Flavor,Entrées & Center of Plate,3.99,7 Oz
4 Cheese Pastry Rolls,Cool Desserts,4.79,8.8 Oz
Chimichurri Sauce,Dressing & Seasoning,3.99,8 Oz
Organic Elote Corn Chip Dippers,"Chips, Crackers & Crunchy Bites",2.69,9.75 Oz
Ranch Seasoning Blend,Spices,2.99,2 Oz
"Raspberries & Cream, Meyer Lemon & Cream Yogurt Cups","Yogurt, etc.",3.49,24 Oz
"Peaches & Cream, Mango & Cream Yogurt Cups","Yogurt, etc.",3.49,24 Oz
Hatch Chile Mac & Cheese,Entrées & Sides,3.29,12 Oz
Sweet Potato,Veggies,0.89,1 Each
Gone Bananas!,Cool Desserts,2.79,8 Oz
Organic Apple Banana Fruit Sauce Crushers,"Bars, Jerky &… Surprises",2.99,12.7 Oz
"Strawberries & Cream, Bananas & Cream Yogurt Cups","Yogurt, etc.",3.49,24 Oz
Organic Bananas,Fruits,0.29,1 Each
Gyro Slices,"Beef, Pork & Lamb",4.69,8 Oz
Chickenless Crispy Tenders,Entrées & Sides,3.79,8.1 Oz
Italian Style Turkey Meatloaf,Entrées & Center of Plate,8.99,24 Oz
Egg Frittata,Entrées & Sides,3.49,4.94 Oz
Steamed Lentils,Veggies,3.29,17.63 Oz
Tteok Bok Ki,Entrées & Sides,3.99,16 Oz
Oat Chocolate Bars,Candies & Cookies,2.49,2.65 Oz
Egg Wraps,"Wraps, Burritos & Sandwiches",4.69,4.4 Oz
Everything but the Bagel Seasoned Crackers,"Chips, Crackers & Crunchy Bites",2.99,10 Oz
Jalapeño Sauce,Salsa & Hot Sauce,3.49,10 Oz
Black Tea and Boba Coconut Non-Dairy Frozen Dessert,Cool Desserts,3.49,16 Fl Oz
Vegan Buffalo Style Dip,Dip/Spread,3.99,9 Oz
Sour Cream & Onion Flavored Rings,"Chips, Crackers & Crunchy Bites",2.49,2.5 Oz
Taco Seasoning Mix,Spices,0.99,1.3 Oz
Wild Arugula,Veggies,2.29,7 Oz
Organic Tomato Paste,"Packaged Fish, Meat, Fruit & Veg",0.99,6 Oz
Organic Kidney Beans,"Packaged Fish, Meat, Fruit & Veg",1.09,15.5 Oz
50% Less Salt Roasted & Salted Peanuts,"Nuts, Dried Fruits, Seeds",2.99,1 Lb
Organic 3 Grain Tempeh,Plant-based Protein,2.29,8 Oz
Fat Free Pizza Sauce,"BBQ, Pasta, Simmer",2.29,16 Oz
All Natural Fresh Mozzarella Cheese,"Wedges, Wheels, Loaves, Logs",3.99,0.5 Lb
Organic Broccoli Slaw,Veggies,2.49,12 Oz
Organic Diced & Fire Roasted Tomatoes with Green Chiles,"Packaged Fish, Meat, Fruit & Veg",1.99,14.5 Oz
All Natural Ground Chicken,Chicken & Turkey,4.49,1 Lb
Cinna-Dragons Gummy Candy,Candies & Cookies,2.29,7 Oz
Rosemary Croissant Croutons,"Chips, Crackers & Crunchy Bites",3.99,4.5 Oz
Freeze Dried Strawberries,"Nuts, Dried Fruits, Seeds",2.99,1.2 Oz
Gluten Free Everything Bagels,Bagels,4.49,14 Oz
Fancy Shredded Mexican Style Cheese Blend,"Slices, Shreds, Crumbles",3.69,12 Oz
Vegetable Fried Rice,Entrées & Sides,2.99,16 Oz
Blueberry Muffin Mix,For Baking & Cooking,4.49,18 Oz
Jumbo Pitted Greek Kalamata Olives,"Packaged Fish, Meat, Fruit & Veg",2.99,12 Oz
Organic Balsamic Vinegar,Oils & Vinegars,5.99,8.45 Fl Oz
Sesame Teriyaki Beef Skirt Steak,"Beef, Pork & Lamb",16.99,1 Lb
Oat Non-Dairy Frozen Dessert Sandwiches,Cool Desserts,3.69,14.8 Fl Oz
Cacio e Pepe Ravioli,Entrées & Center of Plate,3.99,8.8 Oz
Organic Tomato & Roasted Red Pepper Soup,"Soup, Chili & Meals",3.49,32 Fl Oz
Dark Chocolate Almond Butter Pretzel Nuggets,Candies & Cookies,3.79,8 Oz
Dark Chocolate Bamba Snacks,Candies & Cookies,2.99,5 Oz
Creamy Salted Peanut Butter,Nut Butters & Fruit Spreads,2.49,16 Oz
Premium Milk & Dark Chocolate Covered Almonds,Candies & Cookies,5.99,16 Oz
Cocoa Truffles,Candies & Cookies,3.49,8.8 Oz
Pretzel Sticks,"Chips, Crackers & Crunchy Bites",2.49,12 Oz
Marinated Artichokes On The Go,"Packaged Fish, Meat, Fruit & Veg",1.49,1.58 Oz
Organic Date Syrup,"Honeys, Syrups & Nectars",3.49,6.09 Fl Oz
Root Vegetable Fries,Entrées & Sides,3.99,16 Oz
Organic Fusilli Corti Bucati Pasta,Pastas & Grains,1.99,1 Lb
APPLE EACH OPAL,Fruits,1.19,1 Each
Quattro Formaggi,"Slices, Shreds, Crumbles",5.49,12 Oz
Uncured Apple Smoked Bacon,"Beef, Pork & Lamb",6.49,12 Oz
Greek Yogurt with Honey,"Yogurt, etc.",5.49,32 Oz
Small Curd Cottage Cheese,"Yogurt, etc.",2.99,16 Oz
Organic Petite Potato Medley,Veggies,3.49,24 Oz
Ready Veggies,Veggies,2.99,12 Oz
Organic Ground Beef 85/15,"Beef, Pork & Lamb",7.49,1 Lb
Organic Free Range Boneless Skinless Chicken Breasts,Chicken & Turkey,6.99,1 Lb
Tomato Feta Soup,"Salads, Soups & Sides",4.49,20 Oz
Kettle Cooked Chicken Soup,"Salads, Soups & Sides",4.99,24 Oz
Spinach Tortellini,Entrées & Center of Plate,2.99,10 Oz
Vanilla Overnight Oats,Entrées & Center of Plate,1.99,5.5 Oz
Almond Butter Chia Overnight Oats,Entrées & Center of Plate,2.29,5.5 Oz
All Natural Fully Cooked Maple Chicken Breakfast Sausage,Chicken & Turkey,4.69,12 Oz
Almond Butter Filled Pretzel Nuggets,"Chips, Crackers & Crunchy Bites",4.49,12 Oz
Kitchari,"Soup, Chili & Meals",2.49,10 Oz
Chocolate Lava Cakes,Cool Desserts,3.79,7.6 Oz
Eggwich Breadless Breakfast Sandwich,Entrées & Sides,5.49,7.8 Oz
Quinoa Cowboy Veggie Burgers,Entrées & Sides,3.99,12 Oz
Black Bean & Cheese Taquitos,Entrées & Sides,3.99,16 Oz
"Organic Creamy Cashew Cultured Yogurt Alternative, Plain Unsweetened","Yogurt, etc.",4.99,24 Oz
Impossible™ Chicken Nuggets,Entrées & Sides,6.99,13.5 Oz
Organic Shelled Hemp Seeds,Cereals,6.49,8 Oz
Vegan Creamy Dill Dressing,Dressing & Seasoning,3.99,11 Fl Oz
Organic Lentil Vegetable Soup,"Soup, Chili & Meals",2.49,15 Oz
Vegan Buttery Spread,Butter,2.99,8.82 Oz
Organic Chunky Homestyle Guacamole,Dip/Spread,4.49,10 Oz
Organic Hummus,Dip/Spread,2.99,8 Oz
Mediterranean Style Hummus,Dip/Spread,3.99,16 Oz
Organic Garbanzo Beans,"Packaged Fish, Meat, Fruit & Veg",1.09,15.5 Oz
Kalua Pork Spring Rolls,Entrées & Sides,4.79,8 Oz
Rolled Oats,Cereals,3.99,32 Oz
Gluten Free Organic Rolled Oats with Ancient Grains & Seeds,Cereals,4.99,24 Oz
BBQ Teriyaki Chicken,Entrées & Sides,5.99,21 Oz
Gluten Free Granola Loaded Fruit & Nut,Cereals,3.99,12 Oz
A Dozen Macarons variés,Cool Desserts,5.99,4.2 Oz
Unsalted Dry Toasted Slivered Almonds,"Nuts, Dried Fruits, Seeds",3.99,8 Oz
Green Goddess Salad Dressing,Dressing & Seasoning,3.99,11 Fl Oz
Organic Crumbled Feta Cheese,"Slices, Shreds, Crumbles",3.49,6 Oz
Greek Chickpeas with Cumin and Parsley,"Packaged Fish, Meat, Fruit & Veg",2.49,9.88 Oz
Organic White Quinoa,Pastas & Grains,3.99,16 Oz
Wild Raw Argentinian Red Shrimp,Fish & Seafood,11.99,1 Lb
Everything But The Bagel Seasoned Smoked Salmon,Fish & Seafood,5.99,4 Oz
Pesto Rosso,"BBQ, Pasta, Simmer",2.49,6.7 Oz
Crunchy Chili Onion,Condiments,4.49,6 Oz
Organic Cacio e Pepe Puffs,"Chips, Crackers & Crunchy Bites",2.49,4.9 Oz
Organic Split Pea Soup,"Soup, Chili & Meals",2.49,15 Oz
Gluten Free Cinnamon Coffee Cake Muffins,Sweet Stuff,5.49,14 Oz
Vegan Feta Cheese Alternative,"Slices, Shreds, Crumbles",4.29,7 Oz
Italian Fusilli,Pastas & Grains,0.99,1 Lb
Organic Shredded Kale,Veggies,3.99,10 Oz
Spanish Manzanilla Olives with Pimento Paste,"Packaged Fish, Meat, Fruit & Veg",2.99,14.5 Oz
Green & Red Hatch Chile Flakes,Spices,3.99,1.9 Oz
Southwest Style Chicken Quesadillas,Entrées & Sides,4.49,12 Oz
Semi-Sweet Chocolate Chips,For Baking & Cooking,2.99,12 Oz
Gluten Free Pumpkin Spice Bagels,Bagels,4.49,13 Oz
Pumpkin Bagels,Bagels,2.69,18 Oz
Cinnamon Graham Crackers,Candies & Cookies,4.49,16 Oz
Candied Pecans,"Nuts, Dried Fruits, Seeds",4.49,5 Oz
New York Deli Style Cheesecake,Cool Desserts,7.99,30 Oz
Ground Fermented Black Garlic,Spices,2.99,1.02 Oz
Organic Dried & Pitted Deglet Noor Dates,"Nuts, Dried Fruits, Seeds",2.99,8 Oz
Wine Infused Sea Salt Grinder,Spices,4.99,12.7 Oz
"Butter Quarters, Unsalted",Butter,3.99,16 Oz
"Butter Quarters, Salted",Butter,3.99,16 Oz
Organic Gold Potatoes,Veggies,3.99,3 Lb
Harvest Apple Salad Kit,"Salads, Soups & Sides",3.99,9.2 Oz
Four Cheese Scalloped Potatoes,Entrées & Center of Plate,5.99,17 Oz
Peri Peri Sauce,Salsa & Hot Sauce,3.49,6.76 Fl Oz
Organic Naan Crackers,"Chips, Crackers & Crunchy Bites",3.49,10 Oz
Gluten Free Stuffing Mix,For Baking & Cooking,6.49,12.4 Oz
Cornbread Stuffing Mix,For Baking & Cooking,4.99,12.4 Oz
Condensed Cream of Portabella Mushroom Soup,"Soup, Chili & Meals",1.99,11 Oz
Cranberry Sauce,Condiments,2.99,12 Oz
Turkey Gravy,Dressing & Seasoning,1.49,17.6 Oz
Mini Marshmallows,For Baking & Cooking,2.99,10 Oz
White Stilton with Cranberries,"Wedges, Wheels, Loaves, Logs",11.99,1 Lb
Fleur de Sel Caramel Sauce,"Honeys, Syrups & Nectars",3.99,10 Oz
Whole Grain Dijon Mustard,Condiments,1.99,12.3 Oz
Dijon Mustard,Condiments,1.99,13 Oz
Bananas,Fruits,0.19,1 Each
Gourmet Fried Onion Pieces,For Baking & Cooking,2.99,8 Oz
Everything But The Leftovers Seasoning Blend,Spices,2.99,2.6 Oz
Cranberry Chèvre Goat Cheese,"Wedges, Wheels, Loaves, Logs",4.99,8 Oz
Brussels Sprouts Sauté Kit,"Salads, Soups & Sides",4.69,13 Oz
Pie Crusts,Cool Desserts,4.49,22 Oz
Italian Capellini,Pastas & Grains,0.99,1 Lb
Italian Linguine,Pastas & Grains,0.99,1 Lb
Spaghetti,Pastas & Grains,0.99,1 Lb
Italian Farfalle,Pastas & Grains,1.29,1 Lb
Italian Penne Rigate,Pastas & Grains,0.99,1 Lb
Hearts of Palm Pasta,Pastas & Grains,3.49,9 Oz
Sour Jelly Beans,Candies & Cookies,2.29,4 Oz
Bamba with Hazelnut Creme Filling,"Chips, Crackers & Crunchy Bites",1.99,3 Oz
Cheesy Seasoning Blend,Spices,2.99,2.4 Oz
Baby Corn,Veggies,2.29,6 Oz
Pumpkin Spice Batons,Candies & Cookies,2.29,5 Oz
Butternut Squash Mac & Cheese,Entrées & Sides,3.79,12 Oz
Green Goddess Seasoning Blend,Spices,2.99,2 Oz
Dry Roasted Maple Almonds,"Nuts, Dried Fruits, Seeds",5.99,12 Oz
Maple Walnut Biscotti,Candies & Cookies,4.49,8 Oz
Pumpkin Blondie Brownies,Sweet Stuff,4.49,9 Oz
Raclette Sliced Cheese,"Wedges, Wheels, Loaves, Logs",6.99,8.8 Oz
Mini Spicy Pumpkin Samosas,Appetizers,4.29,8.5 Oz
Pumpkin Spiced Teeny Tiny Pretzels,"Chips, Crackers & Crunchy Bites",3.49,6 Oz
Maple Poffertjes,Appetizers,3.49,10.76 Oz
Japchae Korean Glass Noodles & Vegetable Stir Fry,Entrées & Sides,3.49,10.05 Oz
Honey Roasted Pumpkin Ravioli,Entrées & Center of Plate,3.99,9 Oz
Caramel Sea Salt Baking Chips,For Baking & Cooking,2.99,10 Oz
Butternut Squash Mac & Cheese Bites,Appetizers,3.99,10 Oz
Haunted House Chocolate Cookie Kit,Candies & Cookies,9.99,39 Oz
Pumpkin Cranberry Crisps,"Chips, Crackers & Crunchy Bites",3.99,5.3 Oz
Organic Bourbon Barrel Aged Vermont Maple Syrup,"Honeys, Syrups & Nectars",9.99,12.7 Fl Oz
Pumpkin Bisque,"Soup, Chili & Meals",4.99,25 Oz
Autumnal Harvest Soup,"Soup, Chili & Meals",4.99,25 Oz
Organic Vanilla Bean Paste,For Baking & Cooking,4.99,2 Fl Oz
Gluten Free Pumpkin Bread & Muffin Baking Mix,For Baking & Cooking,4.49,17.5 Oz
Pumpkin Bread & Muffin Mix,For Baking & Cooking,3.49,17.5 Oz
Pumpkin Spread,Nut Butters & Fruit Spreads,2.99,9.88 Oz
Pumpkin Cheesecake,Cool Desserts,7.99,30 Oz
Pumpkin Ice Cream,Cool Desserts,4.99,1 Qt
Pumpkin Butternut Squash Bisque,"Salads, Soups & Sides",4.49,20 Oz
Autumnal Harvest Creamy Pasta Sauce,"BBQ, Pasta, Simmer",3.99,25 Oz
Greek Nonfat Pumpkin Yogurt,"Yogurt, etc.",0.99,5.3 Oz
Sweet Cinnamon Filled Korean Pancakes,Cool Desserts,4.49,12.7 Oz
Holiday Round Challah,"Loaves, Rolls, Buns",4.49,16 Oz
Maple Pecan Clusters Cereal,Cereals,4.49,20 Oz
Spatchcocked Lemon Rosemary Chicken,Chicken & Turkey,5.99,1 Lb
Spicy Uncured Charcuterie Collection,"Beef, Pork & Lamb",8.99,9 Oz
Les Petites Carrots of Many Colors,Veggies,4.49,16 Oz
Murasaki Sweet Potatoes,Veggies,4.99,3 Lb
Honeycrisp Apples,Fruits,1.29,1 Each
Italian Style Meatballs,Entrées & Sides,4.99,16 Oz
Cheddar Cheese with Scotch Bonnet Chili Peppers,"Wedges, Wheels, Loaves, Logs",9.99,1 Lb
Vegan Cream Cheese Alternative,Cream and Creamy Cheeses,2.99,8 Oz
Crispy Peanut Butter Filled Milk Choc Peanuts,Candies & Cookies,2.69,4.94 Oz
Sublime Ice Cream Sandwiches,Cool Desserts,4.99,20 Fl Oz
Mandarin Orange Chicken,Entrées & Sides,4.99,22 Oz
Dark Chocolate Peanut Butter Cups,Candies & Cookies,4.49,16 Oz
Organic Corn Chip Dippers,"Chips, Crackers & Crunchy Bites",2.49,9.75 Oz
Peanut Butter Filled Pretzel Nuggets,"Chips, Crackers & Crunchy Bites",2.49,16 Oz
Unexpected Cheddar Cheese,"Wedges, Wheels, Loaves, Logs",3.99,7 Oz
English Cheddar with Caramelized Onions,"Wedges, Wheels, Loaves, Logs",9.99,1 Lb
Everything But The Bagel Sesame Seasoning Blend,Spices,1.99,2.3 Oz
Joe's Diner Mac 'n Cheese,Entrées & Sides,2.99,14 Oz
Cacio E Pepe Pasta Sauce,"BBQ, Pasta, Simmer",3.79,14.5 Oz
Organic Black Beans,"Packaged Fish, Meat, Fruit & Veg",1.09,15.5 Oz
Sweet Baby Thompson Seedless Grapes,Fruits,2.99,1 Each
Shredded Parmesan Cheese Alternative,"Slices, Shreds, Crumbles",3.99,8 Oz
Chevre Goat Cheese,"Wedges, Wheels, Loaves, Logs",2.99,5 Oz
Oven Toasted Old Fashioned Organic Oats,Cereals,2.99,18 Oz
Shelled Edamame,Veggies,3.99,9 Oz
Southwestern Chopped Salad Kit,"Salads, Soups & Sides",3.69,13.6 Oz
Gluten Free English Muffins,"Loaves, Rolls, Buns",3.99,10.8 Oz
Organic Ketchup,Condiments,2.29,24 Oz
Organic Yellow Mustard,Condiments,1.79,9 Oz
Organic Coleslaw Kit,"Salads, Soups & Sides",2.99,10 Oz
Hold the Dairy! Vegan Chocolate Mini Cones,Cool Desserts,3.99,8.03 Oz
Pimento Cheese Dip,Dip/Spread,3.99,8 Oz
Fig & Olive Crisps,"Chips, Crackers & Crunchy Bites",3.99,5.3 Oz
Turkey Burgers,Entrées & Sides,3.79,16 Oz
Uncured Black Forest Ham,"Beef, Pork & Lamb",4.69,8 Oz
Everything And the Elote Greek Style Yogurt Dip,Dip/Spread,3.79,8 Oz
White Sliced Bread,Sliced Bread,2.49,22 Oz
Vegan Banana Bread with Walnuts,Sweet Stuff,5.49,16 Oz
Whole Wheat Sliced Bread,Sliced Bread,2.49,22 Oz
Vegan Enchilada Casserole,Entrées & Center of Plate,5.99,20 Oz
Cheddar & Gruyere Mèlange Cheese,"Wedges, Wheels, Loaves, Logs",7.99,1 Lb
Shredded Lite Mozzarella Cheese,"Slices, Shreds, Crumbles",3.49,12 Oz
Chocolate & Peanut Butter Joe-Joe's,Candies & Cookies,3.49,6.8 Oz
Raw Almonds,"Nuts, Dried Fruits, Seeds",4.99,1 Lb
Lemon Bars,Cool Desserts,4.99,10.6 Oz
Mexican Style Roasted Corn,Entrées & Sides,3.79,14 Oz
Sweet Mini Peppers,Veggies,3.49,1 Lb
Cocoa Almond Spread,Nut Butters & Fruit Spreads,3.99,13 Oz
Organic Free Range Chicken Drumsticks,Chicken & Turkey,2.99,1 Lb
Choice Premium Angus Beef Flank Steak,"Beef, Pork & Lamb",14.99,1 Lb
Salsa Autentica,Salsa & Hot Sauce,2.29,12 Oz
Plumcots™,Fruits,3.79,1 Lb
Fig Cookies,Candies & Cookies,2.49,10 Oz
Candy Coated Chocolates,Candies & Cookies,2.99,6 Oz
Candy Coated Chocolate Peanuts,Candies & Cookies,2.99,6 Oz
Belgian Butter Waffle Cookies,Candies & Cookies,2.99,8.8 Oz
Organic Sriracha & Roasted Garlic BBQ Sauce,"BBQ, Pasta, Simmer",3.49,19.5 Oz
Ridge Cut Potato Chips with Sea Salt,"Chips, Crackers & Crunchy Bites",3.99,16 Oz
Spicy Porkless Plant-Based Snack Rinds,"Chips, Crackers & Crunchy Bites",2.99,3.5 Oz
Mini French Baguettes,Appetizers,4.49,9.5 Oz
Madras Lentils,"Soup, Chili & Meals",2.49,10 Oz
Giant Baked Beans in Tomato Sauce,"Packaged Fish, Meat, Fruit & Veg",1.99,9.6 Oz
Organic Basmati Rice,Pastas & Grains,4.49,2 Lb
Tandoori Naan,Appetizers,2.99,12 Oz
Organic French Baguette,"Loaves, Rolls, Buns",1.99,11.5 Oz
Italian Truffle Cheese,"Wedges, Wheels, Loaves, Logs",13.99,1 Lb
New Zealand Sharp Cheddar Cheese,"Wedges, Wheels, Loaves, Logs",6.99,1 Lb
Thai Lime & Chili Cashews,"Nuts, Dried Fruits, Seeds",7.99,1 Lb
Organic Italian Artisan Gigli Pasta,Pastas & Grains,2.99,17.6 Oz
Spicy Thai Shrimp Fried Rice,Appetizers,5.99,16 Oz
Tikka Vegetables,"Soup, Chili & Meals",2.49,10 Oz
Vegetable Pad Thai,Entrées & Sides,3.49,10.5 Oz
Greek Spanakopita,Appetizers,4.49,14.1 Oz
Cauliflower Pizza Crusts,Entrées & Center of Plate,4.99,5 Oz
Saint André Triple Crème Brie,"Wedges, Wheels, Loaves, Logs",13.99,1 Lb
Yellow Tadka Dal,"Soup, Chili & Meals",2.49,10 Oz
Organic Sugar Cones,Candies & Cookies,2.99,5 Oz
Tomato Ketchup with Black Summer Truffle,Condiments,3.49,10 Oz
Chocolate Chip Hold the Cone,Cool Desserts,3.99,7.9 Oz
Branzino Fillets European Sea Bass,Fish & Seafood,9.99,16 Oz
Tangy Turtles,Candies & Cookies,1.99,6.35 Oz
Vegan Cookies & Cream Vanilla Bean Bon Bons,Cool Desserts,3.99,6.76 Oz
Banana Bread Mix,For Baking & Cooking,2.99,15 Oz
Madeleine Cookies,Sweet Stuff,2.99,3.6 Oz
Gluten Free Hamburger Buns,"Loaves, Rolls, Buns",3.99,11.08 Oz
Organic Pitted Medjool Dates,Fruits,6.49,12 Oz
Persian Cucumbers,Veggies,2.49,1 Lb
Organic Grass-Fed Uncured Beef Hot Dogs,"Beef, Pork & Lamb",6.99,12 Oz
Vegan Caramelized Onion Dip,Dip/Spread,4.29,8 Oz
Vegan Tzatziki Dip,Dip/Spread,4.29,8 Oz
Lemony Arugula Basil Salad Kit,"Salads, Soups & Sides",3.99,9.75 Oz
Carne Asada Autentica,"Beef, Pork & Lamb",11.99,1 Lb
Organic Ground Beef Patties 85/15,"Beef, Pork & Lamb",8.99,1 Lb
Parmesan Pastry Pups,Entrées & Sides,4.99,10.5 Oz
All Natural Bone-In Skin-On Chicken Thighs,Chicken & Turkey,1.99,1 Lb
Everything But the Bagel Nut Duo,Nut Butters & Fruit Spreads,3.99,8 Oz
Chips in a Pickle,"Chips, Crackers & Crunchy Bites",2.99,6 Oz
Grainless Granola,Cereals,4.29,10 Oz
Crispy Jalapeño Pieces,"Chips, Crackers & Crunchy Bites",2.99,5.5 Oz
Organic Sweet Italian Chicken Sausage,Chicken & Turkey,5.99,12 Oz
Organic Oven Roasted Turkey Breast,Chicken & Turkey,5.49,6 Oz
No Sugar Dry Rubbed Uncured Bacon,"Beef, Pork & Lamb",4.99,8 Oz
Bamba Peanut Snacks,"Chips, Crackers & Crunchy Bites",1.79,3.5 Oz
Buffalo Style Chicken Poppers,Appetizers,5.49,9.5 Oz
Mediterranean Style Orzo Pasta Salad,"Salads, Soups & Sides",4.99,12 Oz
Soft Black Licorice Twists,Candies & Cookies,2.99,8 Oz
Soft Strawberry Licorice Twists,Candies & Cookies,2.99,8 Oz
Five Seed Almond Bars,Candies & Cookies,4.99,8 Oz
Garlic Indian Style Flatbread,Tortillas & Flatbreads,3.99,18 Oz
Traditional Indian Style Flatbread,Tortillas & Flatbreads,3.99,18 Oz
Soy Chorizo,Plant-based Protein,2.99,12 Oz
Bolognese Style Tomato & Beef Pasta Sauce,"BBQ, Pasta, Simmer",4.49,24 Oz
Organic Unbleached All-Purpose Flour,For Baking & Cooking,4.99,5 Lb
Grated Parmesan Cheese,"Slices, Shreds, Crumbles",3.49,8 Oz
Cold Brew Coffee & Boba Coconut Non-Dairy Dessert,Cool Desserts,3.49,16 Fl Oz
Chocolate Covered Wafer Cookie with Peanut Butter Filling,Candies & Cookies,0.99,2.33 Oz
Jicama Wraps,Veggies,4.99,1 Each
Breaded Fried Ravioli,Appetizers,3.99,16 Oz
Almond Butter Puffs Cereal,Cereals,3.49,9 Oz
Chile Spiced Pineapple,"Nuts, Dried Fruits, Seeds",3.99,6 Oz
TJ's Mushroom & Company Multipurpose Umami Seasoning Blend,Spices,2.99,2.1 Oz
"Tahini, Pepita & Apricot Slaw Kit","Salads, Soups & Sides",3.99,14.25 Oz
Garden Vegetable Soup,"Soup, Chili & Meals",3.99,25.75 Oz
Cauliflower Crisps,"Chips, Crackers & Crunchy Bites",2.99,2.47 Oz
Potato Pancakes,Entrées & Sides,3.29,10.6 Oz
Quiche Lorraine,Entrées & Sides,5.99,12 Oz
Brownie Crisp Coffee Ice Cream Sandwiches,Cool Desserts,4.49,10 Fl Oz
Organic Caesar Salad Kit,"Salads, Soups & Sides",4.99,12 Oz
Focaccia Bread with Roasted Tomato & Parmesan,Tortillas & Flatbreads,4.99,14 Oz
Organic Mediterranean Style Salad Kit,"Salads, Soups & Sides",3.99,12.95 Oz
Chocolate Chip Pain Au Lait,Sweet Stuff,3.49,9.9 Oz
Pepita Salsa,Salsa & Hot Sauce,3.49,12 Oz
Organic Shredded 3 Cheese Blend,"Slices, Shreds, Crumbles",4.49,8 Oz
Onion & Chive Cream Cheese Spread,Cream and Creamy Cheeses,2.29,8 Oz
PB & J Snack Duo,Candies & Cookies,3.99,12.7 Oz
Wild Skipjack Tuna,"Packaged Fish, Meat, Fruit & Veg",1.79,3 Oz
Sliced New Zealand Organic Cheddar,"Slices, Shreds, Crumbles",4.99,8 Oz
Israeli Feta,"Wedges, Wheels, Loaves, Logs",7.99,8.8 Oz
Mexican-Style Riced Cauliflower,Entrées & Sides,3.79,16 Oz
Magnifisauce!,Condiments,3.49,9.5 Oz
Mac and Cheese Bites,Appetizers,3.99,10 Oz
Bulgogi Beef Fried Rice With Kimchi,Entrées & Sides,5.49,16 Oz
Trail Mix Crackers,"Chips, Crackers & Crunchy Bites",2.79,4.5 Oz
8 Mini Croissants,Appetizers,5.49,12 Oz
Kibbeh,Appetizers,4.99,11 Oz
Super Sour Scandinavian Swimmers,Candies & Cookies,3.49,14 Oz
Buffalo Chicken Dip,Dip/Spread,4.99,12 Oz
Garlic & Onion Pistachios,"Nuts, Dried Fruits, Seeds",6.99,13 Oz
Chewy Chocolate & Peanut Butter Protein Bars,"Bars, Jerky &… Surprises",3.49,7.05 Oz
Peanut Udon Noodle Salad,"Salads, Soups & Sides",4.99,11.75 Oz
Organic Thick & Chunky Salsa,Salsa & Hot Sauce,2.99,16 Oz
Dark Chocolate Sunflower Seed Butter Cups,Candies & Cookies,0.99,1.4 Oz
Jerk-Style Plantain Chips,"Chips, Crackers & Crunchy Bites",1.99,6 Oz
Sea Salted Saddle Potato Crisps,"Chips, Crackers & Crunchy Bites",1.99,5.2 Oz
Plantain Crisps,"Chips, Crackers & Crunchy Bites",2.79,5 Oz
Cheese Filled Fiocchetti with Pink Sauce,Entrées & Sides,4.49,16 Oz
Beef Pho,Entrées & Sides,3.49,13.23 Oz
Organic Freeze-Dried Berry Medley,"Nuts, Dried Fruits, Seeds",3.99,1.2 Oz
Blueberry Muffins,Sweet Stuff,4.99,14 Oz
Salame di Parma Mild Salami,"Beef, Pork & Lamb",5.99,4 Oz
Mashed Cauliflower,Entrées & Sides,3.49,16 Oz
Zhoug Sauce,Dip/Spread,3.69,8 Oz
Onion Salt,Spices,1.99,2 Oz
ABC Bars,"Bars, Jerky &… Surprises",3.49,7.4 Oz
World's Puffiest White Cheddar Corn Puffs,"Chips, Crackers & Crunchy Bites",2.49,7 Oz
Crunchy Cinnamon Squares,Cereals,3.49,12.2 Oz
Riced Cauliflower Stir Fry,Entrées & Sides,3.79,16 Oz
Just a Handful of Rainbow's End Trail Mix,"Nuts, Dried Fruits, Seeds",4.99,15 Oz
Smoked Paprika,Spices,2.49,2.6 Oz
Teeny Tiny Avocados,Fruits,3.49,1 Each
Dark Chocolate Drizzled Plantain Chips,Candies & Cookies,2.99,6 Oz
Extra Hot Habanero Ghost Pepper Salsa,Salsa & Hot Sauce,3.49,12 Oz
Peanut Butter Protein Granola,Cereals,3.99,12 Oz
Gluten Free Norwegian Crispbread,"Chips, Crackers & Crunchy Bites",4.29,7.55 Oz
Gluten Free Mac & Cheese,Entrées & Sides,3.69,12 Oz
Chipotle Vegetable Quesadillas,Entrées & Sides,3.69,12 Oz
Part Skim Ricotta Cheese,Cream and Creamy Cheeses,3.99,16 Oz
Cauliflower Gnocchi,Entrées & Sides,3.29,12 Oz
Chicken Sausage Breakfast Burrito,"Wraps, Burritos & Sandwiches",4.49,8 Oz
Chicken Burrito Bowl,Entrées & Sides,3.49,11.6 Oz
Organic Coconut Aminos Seasoning Sauce,Dressing & Seasoning,2.99,8.5 Fl Oz
Organic Spicy Taco Sauce,Salsa & Hot Sauce,2.49,13 Oz
Organic Hearty Minestrone Soup,"Salads, Soups & Sides",4.69,20 Oz
Riced Cauliflower Bowl,Entrées & Sides,3.49,10 Oz
Olive & Herbs Mixed Nuts,"Nuts, Dried Fruits, Seeds",4.99,10 Oz
Scandinavian Swimmers,Candies & Cookies,3.49,14 Oz
Cauliflower Pancakes,Entrées & Sides,3.99,9 Oz
Organic Kansas City Style BBQ Sauce,"BBQ, Pasta, Simmer",2.99,19 Oz
Organic Toasted Sesame Dressing,Dressing & Seasoning,3.99,12 Fl Oz
Everything Ciabatta Rolls,"Loaves, Rolls, Buns",2.49,14.1 Oz
Sriracha Shrimp Bowl,Entrées & Sides,3.49,11.3 Oz
Dark Chocolate Orange Sticks,Candies & Cookies,3.49,10 Oz
Chevre with Honey,"Wedges, Wheels, Loaves, Logs",3.29,5 Oz
Organic Stone Ground Yellow Corn Taco Shells,For Baking & Cooking,2.49,5.5 Oz
Everything But The Elote Seasoning Blend,Spices,1.99,2.3 Oz
Cuban Style Citrusy Garlic Seasoning Blend,Spices,2.29,2.25 Oz
Vegan Caesar Dressing,Dressing & Seasoning,3.99,11 Fl Oz
Chicken-less Mandarin Orange Morsels,Entrées & Sides,3.79,9.25 Oz
Everything But The Bagel Seasoned Potato Chips,"Chips, Crackers & Crunchy Bites",2.99,7 Oz
Shredded Unexpected Cheddar Cheese,"Slices, Shreds, Crumbles",4.99,8 Oz
Classic English Muffins,"Loaves, Rolls, Buns",1.99,12 Oz
Organic French Rolls,"Loaves, Rolls, Buns",2.49,10.5 Oz
Outside-In Stuffed Gnocchi,Entrées & Sides,3.69,16 Oz
Cuban Style Citrus Garlic Bowl,Entrées & Sides,3.99,11 Oz
Avocado Spray Oil,Oils & Vinegars,3.49,5 Oz
Twisted Cookie Sticks,Candies & Cookies,1.99,2.65 Oz
Mixed Mushroom & Spinach Quiche,Entrées & Sides,2.99,6.17 Oz
Plantain Chips,"Chips, Crackers & Crunchy Bites",1.99,6 Oz
Honey Walnut Shrimp,Entrées & Sides,6.99,12.75 Oz
Nori Komi Furikake Japanese Multi-Purpose Seasoning,Spices,2.99,1.95 Oz
Mini Vegetable Samosas,Appetizers,3.99,8.5 Oz
Chocolate Milk made with Fair Trade Cocoa,Milk & Cream,3.99,64 Fl Oz
Organic Yellow Lentil & Brown Rice Spaghetti,Pastas & Grains,3.49,12 Oz
Unexpected Cheddar Broccoli Soup,"Salads, Soups & Sides",4.99,20 Oz
Sweet Pull Apart Aloha Rolls,"Loaves, Rolls, Buns",3.49,12 Oz
85% Dark Chocolate Bar from Uganda,Candies & Cookies,1.99,3.5 Oz
Chile & Garlic Cashews,"Nuts, Dried Fruits, Seeds",3.99,8 Oz
Gone Berry Crazy!,Cool Desserts,2.99,5.3 Oz
Steamed Pork & Ginger Soup Dumplings,Entrées & Sides,3.49,6 Oz
Organic Açai Bowl,Entrées & Sides,3.99,10 Oz
