name, category, price, quantity
Sweet Kale Chopped Salad Kit - 12oz - Good & Gather™,Salad Mixes,3.99,0
Avocado Ranch Chopped Salad Kit - 12.8oz - Good & Gather™,Salad Mixes,3.99,0
Classic Caesar Salad Kit - 10.3oz - Good & Gather™,Salad Mixes,3.99,0
Shredded Iceberg Lettuce - 8oz - Good & Gather™,Salad Mixes,2.19,0
Organic Baby Spinach - 5oz - Good & Gather™,Salad Mixes,3.29,0
Nashville-Style Hot Chopped Salad Kit - 11.25oz - Good & Gather™,Prepared Salads & Sandwiches,3.99,0
Chicken Ranch with Uncured Bacon Salad Bowl - 5.8oz - Good & Gather™,Prepared Salads & Sandwiches,3.19,0
Chicken Caesar Salad Bowl - 6.5oz - Good & Gather™,Salad Mixes,3.19,0
Good Foods Feta Cucumber Tzatziki Dip - 8oz,Fresh Dips,4.99,0
Good Foods Chunky Traditional Guacamole - 7oz,Fresh Dips,4.19,0
Good Foods Plant Based Tzatziki Style Dip - 8oz,Fresh Dressings & Dips,4.99,0
Classic Hummus - 10oz - Good & Gather™,Fresh Dressings & Dips,3.49,0
Dean's French Onion Dip - 16oz,Fresh Dressings & Dips,2.39,0
Homestyle Guacamole - 10oz - Good & Gather™,Fresh Dressings & Dips,4.69,0
Spinach Artichoke Dip - 12oz - Good & Gather™,Fresh Dressings & Dips,4.99,0
Wholly Guacamole Classic Mini Bowls - 2oz/6ct,Fresh Dressings & Dips,5.79,0
Suja Organic Vegan Uber Greens - 46 fl oz,Fresh Juices,10.59,0
Health-Ade Strawberry Glow Kombucha – 16 fl oz,Fresh Juices,3.49,0
Suja Uber Greens Organic Vegan Fruit & Vegetable Juice Drink - 12 fl oz,Fresh Juices,3.99,0
So Good So You Detox Pineapple Orange Organic Probiotic Shot - 1.7 fl oz,Fresh Juices,3.79,0
So Good So You Immunity Ginger with Cayenne Organic Probiotic Shot - 1.7 fl oz,Fresh Juices,3.79,0
So Good So You Happy Blood Orange Guava Organic Probiotic Shot - 1.7 fl oz,Fresh Juices,3.79,0
Health Ade Organic Ginger Pineapple Belly Reset Kombucha - 16 fl oz,Fresh Juices,3.49,0
Live 6" Potted Pelee Mum Plant in Orange Wrap - Spritz™,Fresh Flowers,8.0,0
Live 6" Potted Pelee Mum Plant in Maroon Wrap - Spritz™,Fresh Flowers,8.0,0
Live 6" Potted Pelee Mum Plant in Kraft Wrap - Spritz™,Fresh Flowers,8.0,0
Live Red Maranta Prayer Plant in 4" Planter,Fresh Flowers,20.0,0
Fresh Cut 19-stem Hot Pink Garden Rose Flower Bouquet,Fresh Flowers,58.99,0
Live Sansevieria Snake Plant in Repose Rustic Stone Planter,Fresh Flowers,30.0,0
Live Alocasia Polly Elephant Ear Plant in 6" Standard Black Planter,Fresh Flowers,30.0,0
6pc Big Blue Liriope Plant with Purple Blooms - National Plant Network,Fresh Flowers,30.99,0
Steakhouse Seasoned Beef Patties - Frozen - 3LBs - Good & Gather™,Beef,15.79,0
Bubba Burger Angus Beef Chuck Patties - Frozen - 2lbs/6ct,Beef,15.49,0
USDA Choice Angus Beef T-Bone Steak - 0.70-1.50 lbs - price per lb - Good & Gather™,Beef,20.69,0
Beef Meatballs - Frozen - 26oz - Good & Gather™,Beef,5.99,0
Italian Style Beef Pork & Chicken Meatballs - Frozen - 26oz - Good & Gather™,Beef,5.99,0
All Natural 93/7 Ground Beef - 1lb - Good & Gather™,Beef,7.49,0
USDA Choice Angus Beef Chuck Tender Roast - 1.50-4.00 lbs - price per lb - Good & Gather™,Beef,27.96,0
All Natural 80/20 Ground Beef - 1lb - Good & Gather™,Beef,6.49,0
CAULIPOWER All Natural Spicy(ish) Chicken Tenders - Frozen - 14oz,Chicken,8.99,0
CAULIPOWER All Natural Chicken Tenders - Frozen - 14oz,Chicken,8.99,0
Tyson Trimmed & Ready Boneless & Skinless Chicken Breast - 1-2.11lbs - price per lb,Chicken,11.16,0
Tyson Trimmed & Ready Chicken Tenderloins - 1.25-2.1 lbs - price per lb,Chicken,11.53,0
Smart Chicken Organic Boneless & Skinless Chicken Breast - 0.75-1.75lbs - price per lb,Chicken,19.23,0
Tyson All Natural All Natural Chicken Nuggets - Frozen - 32oz,Chicken,6.99,0
Tyson All Natural White Meat Fun Nuggets - Frozen - 29oz,Chicken,6.99,0
Tyson All Natural Antibiotic Free Chicken Drumsticks - 1.49-2.938 lbs - price per lb,Chicken,5.85,0
Large Tail Off Peeled & Deveined Raw Shrimp - Frozen - 41-50ct - Good & Gather™,Fish & Seafood,7.49,0
Alaska Sockeye Salmon Skin On Fillets - Frozen - 16oz - Good & Gather™,Fish & Seafood,13.99,0
Sea Cuisine Honey Chipotle Salmon - Frozen - 10.5oz,Fish & Seafood,8.99,0
Alaska Cod Skinless Boneless Fillets - Frozen - 16oz - Good & Gather™,Fish & Seafood,13.49,0
Gorton's Beer Battered Fish Fillets - Frozen - 18.2oz,Fish & Seafood,7.39,0
Alaska Keta Salmon Skinless Fillets - Frozen - 24oz - Good & Gather™,Fish & Seafood,14.99,0
Jumbo tail On Peeled & Deveined Raw Shrimp - Frozen - 26-30ct - Good & Gather™,Fish & Seafood,8.49,0
Sea Cuisine Pan Sear Teriyaki Sesame Salmon - Frozen - 9oz,Fish & Seafood,8.99,0
Bush's Gluten Free Bourbon and Brown Sugar Grillin' Beans - 22oz,Packaged Lunch Meat,2.69,0
Oscar Mayer Lunchables Ham & Cheddar Cheese Cracker Stackers - 3.5oz,Snack Packs & On the Go Snacks,1.99,0
Poblano Turkey Breast - 8oz - Good & Gather™,Packaged Lunch Meat,3.99,0
Rosemary Herb Turkey Breast - 8oz - Good & Gather™,Packaged Lunch Meat,3.99,0
Cabot Yellow Cheddar Macaroni & Cheese - 6.25oz,Packaged Lunch Meat,1.99,0
Zwita Shakshuka Fava Bean & Spinach - 10oz,Packaged Lunch Meat,6.99,0
Annie Chun's Vegan Yakisoba Noodle Bowl,Packaged Lunch Meat,3.19,0
Zwita Shakshuka Eggplant & Sweet Potato - 10oz,Packaged Lunch Meat,6.99,0
Ground Pork - 1lb - Good & Gather™,Pork,3.69,0
Boneless Diced Pork Sirloin - 1lb - Good & Gather™,Pork,4.39,0
Uncured Diced Ham - 8oz - Good & Gather™,Pork,3.49,0
Boneless Thin Cut Pork Chop - price per lb - Good & Gather™,Pork,6.38,0
Boneless Pork Shoulder Butt Roast - 2.48-5.00 lbs - price per lb - Good & Gather™,Pork,15.95,0
All Natural Pork Tenderloin - price per lb - Good & Gather™,Pork,7.8,0
Boneless Center Cut Pork Family Pack - price per lb - Good & Gather™,Pork,15.58,0
Country Style Pork Ribs - price per lb - Good & Gather™,Pork,6.58,0
Hardwood Smoked Bacon - 16oz - Market Pantry™,Bacon,5.39,0
Hardwood Smoked Thick Cut Bacon - 16oz - Market Pantry™,Bacon,5.39,0
Fully Cooked Bacon - 2.1oz - Market Pantry™,Bacon,4.39,0
Oscar Mayer Turkey Bacon - 12oz,Bacon,4.69,0
Hardwood Smoked Center Cut Bacon - 12oz - Market Pantry™,Bacon,5.39,0
Applewood Smoked Uncured Turkey Bacon - 8oz - Good & Gather™,Bacon,5.49,0
Applegate Natural No Sugar Uncured Bacon - 8oz,Bacon,6.99,0
Oscar Mayer Hardwood Smoked Bacon - 16oz,Bacon,6.19,0
Boursin Cheese Bites - 4.23oz,Cheese,4.99,0
Velveeta Original Prepared Cheese Product - 2lb,Cheese,7.99,0
Shredded Mexican-Style Cheese - 8oz - Good & Gather™,Cheese,2.29,0
Shredded Mozzarella Cheese - 8oz - Good & Gather™,Cheese,2.29,0
Nesquik Strawberry - 14oz,Milk,1.59,0
Nesquik Protein Power Strawberry - 14oz,Milk,1.99,0
Nesquik Protein Power Chocolate - 14oz,Milk,1.99,0
Good Culture Probiotic Whole Milk - 59 fl oz,Milk,4.49,0
TruMoo Protein Plus Chocolate Milk - 14 fl oz,Milk,1.99,0
TruMoo Vanilla High Protein Low Fat Milk - 14 fl oz,Milk,1.99,0
TruMoo Whole Chocolate Milk - 1gal,Milk,6.19,0
Philadelphia Whipped Cream Cheese Spread - 8oz,Cream Cheese,4.19,0
Philadelphia Original Cream Cheese Spread - 16oz,Cream Cheese,7.29,0
Philadelphia Pumpkin Spice Cream Cheese - 7.5oz,Cream Cheese,4.19,0
Cranberry Jalapeno Dip - 10oz - Good & Gather™,Fresh Dips,4.99,0
Marzetti Glaze! for Strawberries - 13.5oz,Cream Cheese,2.99,0
Everything Seasoning Dip with Greek Yogurt - 10oz - Good & Gather™,Cream Cheese,4.79,0
Philadelphia Chive & Onion Cream Cheese Spread - 7.5oz,Cream Cheese,4.19,0
Philadelphia Original Cream Cheese - 16oz/2ct,Cream Cheese,5.19,0
Salted Butter Quarters - 2lb - Good & Gather™,Butter & Margarine,6.99,0
Country Crock Plant Based Olive Oil Butter Sticks - 16oz,Butter & Margarine,4.29,0
Land O Lakes Maple Me Crazy Maple Brown Sugar Butter Spread - 6.5oz,Butter & Margarine,2.59,0
Salted Spreadable Butter with Canola Oil - 8oz - Good & Gather™,Butter & Margarine,2.29,0
Country Crock Avocado Oil Plant Butter - 10.5oz,Butter & Margarine,3.69,0
Kerrygold Grass-Fed Pure Irish Salted Butter Sticks - 8oz/2ct,Butter & Margarine,4.39,0
Kerrygold Grass-Fed Pure Irish Unsalted Butter Sticks - 8oz/2ct,Butter & Margarine,4.49,0
Organic Salted Butter - 1lb - Good & Gather™,Butter & Margarine,7.69,0
Reddi-wip Original Whipped Cream - 13oz,Cream & Whipped Toppings,5.29,0
Reddi-wip Original Whipped Dairy Cream Topping - 6.5oz,Cream & Whipped Toppings,3.39,0
Pumpkin Spice Whipped Oat Topping Non-Dairy - 6.5oz - Favorite Day™,Cream & Whipped Toppings,3.29,0
Heavy Whipping Cream - 32 fl oz (1qt) - Good & Gather™,Cream & Whipped Toppings,5.39,0
Heavy Whipping Cream - 16 fl oz (1pt) - Good & Gather™,Cream & Whipped Toppings,2.99,0
Half & Half - 32 fl oz (1qt) - Good & Gather™,Cream & Whipped Toppings,2.89,0
Reddi-wip Extra Creamy Whipped Dairy Cream Topping - 13oz,Cream & Whipped Toppings,5.29,0
Half & Half - 0.5gal - Good & Gather™,Cream & Whipped Toppings,5.69,0
Grade A Large Eggs - 12ct - Good & Gather™ (Packaging May Vary),Eggs,1.99,0
Grade A Large Eggs - 18ct - Good & Gather™ (Packaging May Vary),Eggs,2.89,0
Cage-Free Fresh Grade A Large Brown Eggs - 12ct - Good & Gather™,Eggs,2.59,0
Organic Cage-Free Fresh Grade A Large Brown Eggs - 12ct - Good & Gather™,Eggs,3.99,0
Eggland's Best Grade A Extra Large Eggs - 18ct,Eggs,4.49,0
Eggland's Best Grade A Large Eggs - 12ct,Eggs,2.89,0
Vital Farms Pasture-Raised Grade A Large Eggs - 12ct,Eggs,6.49,0
Vital Farms Organic Pasture-Raised Grade A Large Eggs - 12ct,Eggs,7.99,0
Bertolli Pasta Sides Cheese & Spinach Frozen Ravioli - 13oz,Frozen Single Serve Meals,4.49,0
Sweet Earth Vegan Frozen Cauliflower Mac - 9oz,Frozen Single Serve Meals,4.99,0
Smucker's Uncrustables Frozen Chocolate Flavored Hazelnut Spread Sandwich,Frozen Foods: Kids,4.19,0
Healthy Choice Power Bowls Gluten Free Frozen Spicy Beef Teriyaki with Cauliflower Rice - 9.25oz,Frozen Single Serve Meals,4.29,0
Smucker's Uncrustables Frozen Peanut Butter & Grape Jelly Sandwich,Frozen Foods: Kids,4.19,0
Healthy Choice Simply Steamers Frozen Meatball Marinara - 10oz,Frozen Single Serve Meals,3.69,0
Amy's Frozen Pesto Tortellini Bowls - 9.5oz,Frozen Single Serve Meals,5.89,0
Marie Callender's Frozen Fettucini with Chicken & Broccoli - 13.1oz,Frozen Single Serve Meals,3.69,0
Bertolli Frozen Chicken Florentine & Farfalle - 22oz,Frozen Family Meals,8.69,0
P.F. Chang's Frozen Chicken Lo Mein - 22oz,Frozen Family Meals,8.69,0
Michael Angelo's Large Family Size Frozen Baked Ziti with Meatballs,Frozen Family Meals,13.59,0
P.F. Chang's Frozen Orange Chicken Meal - 22oz,Frozen Family Meals,8.69,0
Stouffer's Frozen Chicken & Broccoli Pasta Bake Family Size - 40oz,Frozen Family Meals,10.49,0
P.F. Chang's Frozen General Chang's Chicken - 22oz,Frozen Family Meals,8.69,0
Stouffer's Frozen Lasagna with Meat & Sauce Family Size - 38oz,Frozen Family Meals,10.49,0
Frozen Peanut Butter and Grape Jelly Crustless Sandwich - 4ct - Market Pantry™,Frozen Foods: Kids,3.79,0
Frozen Peanut Butter and Strawberry Jam Crustless Sandwich - 4ct - Market Pantry™,Frozen Foods: Kids,3.79,0
Smucker's Uncrustables Frozen Peanut Butter & Strawberry Jam Sandwich,Frozen Foods: Kids,4.19,0
Smucker's Uncrustables Frozen Peanut Butter & Honey Spread Sandwich - 8oz/4ct,Frozen Foods: Kids,4.19,0
Frozen Stuffed Mini Rigatoni in a Marinara Sauce -with Hidden Vegetables - 8oz - Good & Gather™,Frozen Foods: Kids,2.99,0
Smucker's Uncrustables Frozen Whole Wheat Peanut Butter & Strawberry Jam Sandwich - 8oz/4ct,Frozen Foods: Kids,4.19,0
Frozen Breaded Mozzarella Sticks - 32oz - Market Pantry™,Frozen Appetizers & Snacks,7.99,0
Frozen Chicken Thai Basil Spring Rolls - 10oz/5ct - Good & Gather™,Frozen Appetizers & Snacks,5.79,0
Auntie Anne's Classic All Beef Frozen Pretzel Dogs - 4ct/16oz,Frozen Appetizers & Snacks,8.99,0
Frozen Pork Bao Buns - 8oz/6ct - Good & Gather™,Frozen Appetizers & Snacks,5.79,0
Garden Lites Gluten Free Veggies Made Great Frozen Banana Chocolate Chip Muffins - 12oz/6ct,Frozen Appetizers & Snacks,6.19,0
Garden Lites Veggies Made Great Gluten Free Frozen Spinach Egg White Frittata - 12oz/6ct,Frozen Appetizers & Snacks,6.19,0
Frozen Petite Quiche Collection - 6.25oz/12ct - Good & Gather™,Frozen Appetizers & Snacks,5.79,0
El Monterey Frozen Chicken and Cheese Taquitos - 20oz/20ct,Frozen Appetizers & Snacks,9.29,0
Garden Lite Veggies Made Great Gluten Free Frozen Keto Cinnamon Roll Muffin - 12oz,Frozen Breakfast Food,6.99,0
Garden Lite Veggies Made Great Gluten Free Frozen Keto Chocolate Raspberry Muffin - 12oz,Frozen Breakfast Food,6.99,0
Pillsbury Strawberry Frozen Toaster Strudel - 6ct/11.5oz,Frozen Breakfast Food,2.99,0
Kellogg's Eggo Homestyle Frozen Waffles,Frozen Breakfast Food,2.99,0
Jimmy Dean Frozen Meat Lovers Breakfast Bowl - 7oz,Frozen Breakfast Food,3.19,0
Kodiak Frozen Power Waffles Buttermilk & Vanilla -13.4oz/10ct,Frozen Breakfast Food,5.69,0
Three Bridges Uncured Bacon & Cheese Egg Bites - 4.6oz/2ct,Frozen Breakfast Food,4.29,0
Sweet Earth Protein Lovers Frozen Breakfast Burrito - 5.5oz,Frozen Breakfast Food,3.19,0
Oatly Vanilla Non-Dairy Frozen Dessert - 16oz,Ice Cream & Frozen Desserts,5.49,0
My/Mochi Oat Milk Frozen Dessert Strawberry - 6ct,Ice Cream & Frozen Desserts,4.99,0
Skinny Cow Vanilla Ice Cream Sandwich - 6pk,Ice Cream & Frozen Desserts,5.69,0
Popsicle Orange Cherry Grape Variety Ice Pops - 18ct,Ice Cream & Frozen Desserts,5.99,0
Frito Lay Flavor Mix 42ct,Chips,21.49,0
Quest Nutrition Tortilla Style Protein Chips - Ranch,Chips,9.49,0
Frito-Lay Variety Pack - Spooky Snack Mix - 18ct,Chips,11.99,0
Tostitos Pumpkins - 11oz,Chips,5.19,0
Perfect Bar Dark Chocolate Chip Peanut Butter Snack Size Protein Bars - 7oz/8ct,Snack Packs & On the Go Snacks,7.99,0
Oscar Mayer Lunchables Turkey & Cheddar Cheese with Crackers - 1.9oz,Snack Packs & On the Go Snacks,1.29,0
Uncured Ham & Cheddar Cheese Lunch Kit - 3oz - Good & Gather™,Snack Packs & On the Go Snacks,2.29,0
Oscar Mayer Lunchables Turkey & American Cheese - 3.2oz,Snack Packs & On the Go Snacks,1.99,0
Oscar Mayer Lunchables Ham & American Cheese - 3.2oz,Snack Packs & On the Go Snacks,1.99,0
Once Upon a Farm Strawberry Organic Refrigerated Oat Bar - 1.6oz,Snack Packs & On the Go Snacks,2.79,0
Perfect Bar Snack Size Chocolate Covered Peanut Butter Protein Bars - 6.34oz/6ct,Snack Packs & On the Go Snacks,7.99,0
Oscar Mayer Turkey Lunchables 5pk - 16oz,Snack Packs & On the Go Snacks,8.99,0
MiO Lemonade Liquid Water Enhancer - 3.24 fl oz Bottle,Water,6.29,0
MiO Strawberry Watermelon Liquid Water Enhancer - 3.24 fl oz Bottle,Water,6.29,0
Peach Bellini Unsweetened Sparkling Water - 8pk/12 fl oz Cans - Good & Gather™,Water,3.29,0
Gatorade Mixed Flavors Sports Drink - 18pk/12 fl oz Bottles,Sports Drinks,11.69,0
Gatorade Cool Blue Sports Drink - 12pk/12 fl oz Bottles,Sports Drinks,7.79,0
Prime Hydration Ice Pop Sports Drink - 8pk/16.9 fl oz Bottles,Sports Drinks,14.29,0
POWERADE Fruit Punch Sports Drink - 8pk/20 fl oz Bottles,Sports Drinks,5.99,0
Q Mixers Hibiscus Ginger Beer - 4pk/7.5 fl oz Cans,Cocktail Mixers,4.49,0
Q Mixers Ginger Beer - 4pk/7.5 fl oz Cans,Cocktail Mixers,4.49,0
Craftmix Cocktail Mix Packets Variety Pack 12 Packets 2.96 oz (84 g),Cocktail Mixers,18.24,0
Craftmix Cocktail Mix Packets Strawberry Mule 12 Packets 2.96 oz (84 g),Cocktail Mixers,18.24,0
Rana Spinach & Ricotta Ravioli - 10oz,Prepared Meals & Sides,5.49,0
Rana Italian Sausage Ravioli - 10oz,Prepared Meals & Sides,5.49,0
Cheese Tortellini - 20oz - Good & Gather™,Prepared Meals & Sides,7.39,0
Shredded Chicken - 12oz - Good & Gather™,Prepared Meals & Sides,8.99,0
Grilled Chicken Breast Skewers with Rotisserie-Style Seasonings - 6ct/10.5oz - Good & Gather™,Prepared Meals & Sides,8.99,0
Yukon Gold Mashed Potatoes - 24oz - Good & Gather™,Prepared Meals & Sides,4.79,0
Grilled Chicken Breast Strips - 12oz - Good & Gather™,Prepared Meals & Sides,9.99,0
Penne Alfredo Pasta with Cajun Chicken - 17oz - Good & Gather™,Prepared Meals & Sides,8.99,0
Oktoberfest Chopped Salad Kit - 12.75oz - Good & Gather™,Prepared Salads & Sandwiches,3.99,0
Maple Bourbon Bacon Chopped Salad Kit - 12.8oz - Good & Gather™,Prepared Salads & Sandwiches,3.99,0
Pizza Flavored Ranch Salad Bowl - 5.97oz - Good & Gather™,Prepared Salads & Sandwiches,3.19,0
Everything Seasoned Chopped Salad Kit - 11.57oz - Good & Gather™,Prepared Salads & Sandwiches,3.99,0
Thai-Style Chili Mango Chopped Salad Kit - 11.25oz - Good & Gather™,Prepared Salads & Sandwiches,3.99,0
Mexican Caesar Chopped Salad Kit - 11.05oz - Good & Gather™,Prepared Salads & Sandwiches,3.99,0
Salsa Con Queso - 15oz - Good & Gather™,Fresh Dips,2.99,0
Green Goddess Dip - 10oz - Good & Gather™,Fresh Dips,4.99,0
Good Foods Dill Pickle Flavored Chip Dip - 8oz,Fresh Dips,4.49,0
Good Foods Plant Based Spicy Queso Blanco Style Dip - 8oz,Fresh Dips,4.99,0
Good Foods Chunky Traditional Guacamole - 13oz,Fresh Dips,6.49,0
Oscar Mayer Lunchables Nachos Cheese Dip & Salsa - 4.4oz,Snack Packs & On the Go Snacks,1.99,0
Hot Calabrese Salami - 5oz - Good & Gather™,Packaged Lunch Meat,5.49,0
GoGo squeeZ Happy ImmuneZ - 10ct/31.8oz,Bulk Pantry,9.39,0
Annie's Real Aged Cheddar Macaroni & Cheese Microwavable Cups,Pasta,6.39,0
Maruchan Souper 6-Pack Chicken Ramen Noodle Soup - 18oz/6ct,Bulk Pantry,2.69,0
Kraft Original Mac and Cheese Dinner,Bulk Pantry,0.99,0
GoGo SqueeZ Applesauce Apple Apple,Bulk Pantry,2.99,0
Maruchan Souper 6-Pack Beef Ramen Noodle Soup - 18oz/6ct,Bulk Pantry,2.19,0
GoGo squeeZ Happy BrainZ - 10ct/31/8oz,Bulk Pantry,9.39,0
Peet's Big Bang Medium Roast Coffee - Keurig K-Cup Pods,Bulk Pantry,19.39,0
Knorr Pasta Sides Fusili with Cheddar Broccoli - 4.3oz,Boxed Meals & Side Dishes,1.39,0
Knorr Pasta Sides Chicken Flavor - 4.3oz,Boxed Meals & Side Dishes,1.39,0
Momofuku x A-Sha Spicy Soy Noodles - 5ct/16.75oz,Boxed Meals & Side Dishes,11.99,0
Annie's Shells & White Cheddar Macaroni & Cheese,Boxed Meals & Side Dishes,1.59,0
Goodles Down the Hatch Protein Mac & Cheese - 6oz,Pasta,2.99,0
La Choy Chow Mein Noodles - 12oz,Pasta,1.99,0
Barilla ProteinPLUS Multigrain Penne Pasta - 14.5oz,Pasta,2.69,0
Prego Pasta Sauce Sauce Traditional Italian Tomato Sauce 14oz,Sauces,2.29,0
Ragu Kettle Cooked Marinara Pasta Sauce - 24oz,Sauces,2.79,0
Signature Butternut Squash Pasta Sauce 23.7oz - Good & Gather™,Sauces,5.99,0
Sweet Pineapple Ginger Marinade - 12oz - Good & Gather™,Sauces,2.99,0
Stubb's Barbecue Sauce Original - 18oz,Condiments & Salad Dressings,3.99,0
Heinz Tomato Ketchup Reduced Sugar - 13oz,Condiments & Salad Dressings,4.49,0
Heinz Tomato Ketchup - 38oz,Condiments & Salad Dressings,4.79,0
Bachan's Original Japanese BBQ Sauce - 17oz,Condiments & Salad Dressings,8.49,0
Wonder Round Top White Sliced Bread - 20oz,Breads,2.99,0
King's Hawaiian Sweet Sliced Bread - 13.5oz,Breads,5.19,0
Take And Bake Baguettes - 14oz/2ct - Favorite Day™,Breads,4.49,0
Sara Lee Artesano Bread - 20oz,Breads,3.49,0
Nature's Own Honey Wheat Bread - 20oz,Breads,3.79,0
White Sandwich Bread - 20oz - Market Pantry™,Breads,1.39,0
Pepperidge Farm Raisin Cinnamon Swirl Breakfast Bread - 16oz,Breads,3.59,0
Pumpkin Scone - 10.25oz/12ct - Favorite Day™,Donuts & Pastries,4.99,0
Cherry & Cranberry Mini Scones - 10.25oz- Favorite Day™,Donuts & Pastries,4.99,0
Glazed Donuts - 19oz/12ct - Favorite Day™,Donuts & Pastries,5.99,0
Svenhard's Raisin Snail - 6ct / 12oz,Donuts & Pastries,6.99,0
Butter Croissants - 10oz/4ct - Favorite Day™,Donuts & Pastries,5.69,0
Petite Butter Croissants - 10oz/12ct - Favorite Day™,Donuts & Pastries,5.69,0
Old Fashioned Cake Donuts - 14oz/4ct - Favorite Day™,Donuts & Pastries,3.99,0
Chocolate Petite Croissants - 4.5oz/6ct - Favorite Day™,Donuts & Pastries,4.99,0
Decorated Cookie - Jack-o-Lantern - 2.12oz - Halloween - Favorite Day™,Cakes,2.0,0
Halloween Mini Sugar Cookies Tub - 10oz - Favorite Day™,Cakes,4.99,0
Halloween Pumpkin Cookie - 4.1oz/1ct - Favorite Day™,Cakes,3.49,0
Rice Crispy Treat with Fangs - 1.23oz/1ct - Halloween - Favorite Day™,Cakes,2.49,0
Pumpkin Bar Bites with Cream Cheese Frosting - 12.7oz/16ct - Favorite Day™,Cakes,8.99,0
Brownie Bites - 11.81oz - Favorite Day™,Cakes,4.99,0
White Frosted Sprinkles Sugar Cookies - 13.5oz/10ct - Favorite Day™,Cakes,4.99,0
Iced Pumpkin Sliced Cake - 14.1oz - Favorite Day™,Cakes,5.99,0
Kodiak Cakes Protein-Packed Single-Serve Muffin Cup Chocolate Chip - 2.36oz,Bagels & Muffins,2.39,0
Thomas' Plain Bagels - 20oz/6ct,Bagels & Muffins,4.19,0
Entenmann's Little Bites Chocolate Chip Muffins - 8.25oz,Bagels & Muffins,3.69,0
Thomas' Regular English Muffins - 13oz/6ct,Rolls & Buns,3.49,0
Thomas' Everything Bagels - 20oz/6ct,Bagels & Muffins,4.19,0
Blueberry Streusel & Cinnamon Coffee Cake Muffins Variety Pack - 14oz/4ct - Favorite Day™,Bagels & Muffins,5.49,0
Thomas' Plain Mini Bagels - 15oz/10ct,Bagels & Muffins,4.79,0
Blueberry Streusel Muffins - 4ct/14oz - Favorite Day™,Bagels & Muffins,5.49,0
King's Hawaiian Savory Butter Sweet Rolls - 12oz/12ct,Rolls & Buns,4.99,0
King's Hawaiian Pretzel Hamburger Buns - 10.5oz/4ct,Rolls & Buns,4.99,0
King's Hawaiian Original Hawaiian Sweet Rolls - 12oz/12ct,Rolls & Buns,4.99,0
King's Hawaiian Sweet Hamburger Buns - 12.8oz/8ct,Rolls & Buns,4.99,0
King's Hawaiian Mini Sub Sweet Rolls - 12oz/6ct,Rolls & Buns,4.99,0
